Country Name,Country Code,Indicator Name,Indicator Code,2000,2001,2002,2003,2004,2005,2006,2007,2008,2009,2010,2011,2012,2013,2014,2015,2016,2017,2018,2019,2020,2021,2022
Aruba,ABW,Consommation d’électricité (KWh par habitant),EG.USE.ELEC.KH.PC,,,,,,,,,,,,,,,,,,,,,,,
,AFE,Consommation d’électricité (KWh par habitant),EG.USE.ELEC.KH.PC,773.9795066,737.4134626,762.543066,768.2350392,771.9625006,775.3353596,783.748463,790.6646844,754.2110339,717.7699654,734.3057708,734.8228075,697.6579894,691.9580898,680.1499426,,,,,,,,
Afghanistan,AFG,Consommation d’électricité (KWh par habitant),EG.USE.ELEC.KH.PC,,,,,,,,,,,,,,,,,,,,,,,
,AFW,Consommation d’électricité (KWh par habitant),EG.USE.ELEC.KH.PC,115.9705296,118.1559735,132.5799801,122.647806,137.33014,143.5521397,143.1173431,156.3012098,152.3817418,150.6239014,162.6672696,172.5106038,182.7221635,178.4224043,183.4402065,,,,,,,,
Angola,AGO,Consommation d’électricité (KWh par habitant),EG.USE.ELEC.KH.PC,75.27115611,82.63688638,86.03494183,95.83796201,87.47477842,109.1977007,144.6260702,133.2396989,172.4175925,189.3132094,206.3842586,206.6852326,218.5539218,278.808255,310.0816685,,,,,,,,
Albanie,ALB,Consommation d’électricité (KWh par habitant),EG.USE.ELEC.KH.PC,1449.647413,1351.230796,1578.165919,1469.264539,1797.525487,1722.07285,1218.360146,1213.124369,1617.744156,1835.684072,1943.343354,2205.70392,2118.327776,2533.252829,2309.366503,,,,,,,,
Andorre,AND,Consommation d’électricité (KWh par habitant),EG.USE.ELEC.KH.PC,,,,,,,,,,,,,,,,,,,,,,,
Le monde arabe,ARB,Consommation d’électricité (KWh par habitant),EG.USE.ELEC.KH.PC,1491.965863,1552.438738,1618.80747,1688.369214,1735.715814,1808.906369,1904.01982,1953.209551,2013.223863,2065.782064,2237.153327,2275.266995,2315.981354,2369.437907,2440.349651,,,,,,,,
Émirats arabes unis,ARE,Consommation d’électricité (KWh par habitant),EG.USE.ELEC.KH.PC,11782.92406,11601.53529,11969.76598,12036.8916,12184.28989,13161.19882,12651.06796,12029.54591,11457.091,10518.79703,10695.28993,10732.80464,10988.96026,11271.10654,11562.98852,,,,,,,,
Argentine,ARG,Consommation d’électricité (KWh par habitant),EG.USE.ELEC.KH.PC,2077.539573,2108.990402,2003.667517,2169.487544,2282.822563,2397.486533,2362.853106,2443.844135,2759.51327,2716.598215,2877.652653,2929.075029,3000.603523,2967.376558,3074.702071,,,,,,,,
Arménie,ARM,Consommation d’électricité (KWh par habitant),EG.USE.ELEC.KH.PC,1257.052576,1235.823695,1208.037135,1292.110313,1409.771524,1488.557209,1602.848981,1730.798867,1626.991296,1618.596793,1685.847266,1774.681663,1872.41308,1928.734036,1976.864492,,,,,,,,
Samoa américaines,ASM,Consommation d’électricité (KWh par habitant),EG.USE.ELEC.KH.PC,,,,,,,,,,,,,,,,,,,,,,,
Antigua-et-Barbuda,ATG,Consommation d’électricité (KWh par habitant),EG.USE.ELEC.KH.PC,,,,,,,,,,,,,,,,,,,,,,,
Australie,AUS,Consommation d’électricité (KWh par habitant),EG.USE.ELEC.KH.PC,10260.44624,10712.69536,10899.75435,10527.29419,10657.90212,10571.42534,10617.15129,10972.88015,10749.11106,10791.61648,10726.92818,10627.29387,10407.74031,10220.8873,10071.39898,,,,,,,,
Autriche,AUT,Consommation d’électricité (KWh par habitant),EG.USE.ELEC.KH.PC,7076.269483,7333.231953,7427.656445,7695.080037,7808.157792,7977.681597,8244.401952,8207.474739,8233.014833,7944.796096,8382.711154,8425.167753,8548.882199,8509.61158,8355.841952,,,,,,,,
Azerbaïdjan,AZE,Consommation d’électricité (KWh par habitant),EG.USE.ELEC.KH.PC,2040.47909,2106.470066,1996.708252,2235.459856,2281.947872,2388.388734,2552.286214,2118.210528,2040.760435,1620.38742,1603.431374,1705.424633,2052.650965,2092.536521,2202.393918,,,,,,,,
Burundi,BDI,Consommation d’électricité (KWh par habitant),EG.USE.ELEC.KH.PC,,,,,,,,,,,,,,,,,,,,,,,
Belgique,BEL,Consommation d’électricité (KWh par habitant),EG.USE.ELEC.KH.PC,8247.677113,8267.187216,8311.892679,8411.900657,8576.223497,8509.997073,8683.671285,8614.679503,8521.49674,7903.955479,8393.949623,8028.798731,7988.524644,7989.671853,7709.123078,,,,,,,,
Bénin,BEN,Consommation d’électricité (KWh par habitant),EG.USE.ELEC.KH.PC,57.01610298,60.31579687,67.00949153,63.45303588,69.03493218,72.27509102,73.42938182,77.93924925,84.32073362,85.69079317,92.95225028,89.03620874,90.47263263,93.90099459,97.1281349,,,,,,,,
Burkina Faso,BFA,Consommation d’électricité (KWh par habitant),EG.USE.ELEC.KH.PC,,,,,,,,,,,,,,,,,,,,,,,
Bangladesh,BGD,Consommation d’électricité (KWh par habitant),EG.USE.ELEC.KH.PC,103.3644718,113.7612587,121.4628085,127.7698928,163.1604933,173.7318149,194.5819776,203.9949316,205.932668,224.8430049,245.9041709,263.9819899,281.4439959,299.4803504,317.24537,,,,,,,,
Bulgarie,BGR,Consommation d’électricité (KWh par habitant),EG.USE.ELEC.KH.PC,3673.606871,3859.090025,3853.819004,3997.902596,3971.822736,4165.180392,4366.912765,4523.322878,4674.503151,4483.747139,4560.414917,4863.691441,4761.912583,4639.706323,4708.927458,,,,,,,,
Bahreïn,BHR,Consommation d’électricité (KWh par habitant),EG.USE.ELEC.KH.PC,18697.23744,19228.84683,19663.94236,19786.54839,18900.93119,21024.0143,21230.07556,20501.05139,18562.73242,17542.87793,18442.79011,18889.06398,18942.16773,19483.65385,19969.73612,,,,,,,,
Bahamas,BHS,Consommation d’électricité (KWh par habitant),EG.USE.ELEC.KH.PC,,,,,,,,,,,,,,,,,,,,,,,
Bosnie-Herzégovine,BIH,Consommation d’électricité (KWh par habitant),EG.USE.ELEC.KH.PC,1822.29294,1851.758264,1873.328236,2008.48185,2109.653717,2197.691081,2212.619447,2236.845651,2843.237497,2785.893882,3068.152716,3270.51445,3413.37055,3402.294199,3360.899316,,,,,,,,
Bélarus,BLR,Consommation d’électricité (KWh par habitant),EG.USE.ELEC.KH.PC,2996.309475,3009.402482,3000.745625,3063.056939,3174.053092,3245.372088,3365.981865,3393.908536,3481.743517,3299.460902,3566.173013,3632.87856,3704.309041,3657.124679,3690.103683,,,,,,,,
Belize,BLZ,Consommation d’électricité (KWh par habitant),EG.USE.ELEC.KH.PC,,,,,,,,,,,,,,,,,,,,,,,
Bermudes,BMU,Consommation d’électricité (KWh par habitant),EG.USE.ELEC.KH.PC,,,,,,,,,,,,,,,,,,,,,,,
Bolivie,BOL,Consommation d’électricité (KWh par habitant),EG.USE.ELEC.KH.PC,407.4409589,408.7543637,422.3318855,429.9257467,439.9823399,469.2138152,499.1269209,530.2151588,519.3008152,537.5414983,586.3094685,617.9153514,642.5917413,682.9341577,728.2229062,,,,,,,,
Brésil,BRA,Consommation d’électricité (KWh par habitant),EG.USE.ELEC.KH.PC,1885.665465,1737.976157,1797.268162,1873.812369,1948.58174,2008.56721,2065.192202,2160.232633,2222.415792,2189.997778,2366.38012,2422.576221,2492.837864,2560.09556,2610.999282,,,,,,,,
Barbade,BRB,Consommation d’électricité (KWh par habitant),EG.USE.ELEC.KH.PC,,,,,,,,,,,,,,,,,,,,,,,
Brunéi Darussalam,BRN,Consommation d’électricité (KWh par habitant),EG.USE.ELEC.KH.PC,7528.614124,7166.586451,7359.056936,8532.813625,8572.355955,8426.116051,8374.283814,8528.097838,8474.444052,8695.629895,8645.307572,8612.57366,9067.121785,9698.762697,10121.0591,,,,,,,,
Bhoutan,BTN,Consommation d’électricité (KWh par habitant),EG.USE.ELEC.KH.PC,,,,,,,,,,,,,,,,,,,,,,,
Botswana,BWA,Consommation d’électricité (KWh par habitant),EG.USE.ELEC.KH.PC,1099.604224,1164.631966,1210.49729,1293.474114,1405.53014,1392.11235,1422.198533,1463.667343,1472.11207,1658.860408,1483.029779,1419.844173,1646.574807,1978.101077,1677.597002,,,,,,,,
République centrafricaine,CAF,Consommation d’électricité (KWh par habitant),EG.USE.ELEC.KH.PC,,,,,,,,,,,,,,,,,,,,,,,
Canada,CAN,Consommation d’électricité (KWh par habitant),EG.USE.ELEC.KH.PC,17037.07228,16840.19375,16960.63967,17208.52352,17264.73674,16948.27522,16508.33955,16683.13366,16377.4797,15450.73069,15269.74548,15644.54028,15336.62486,15750.81163,15588.48715,,,,,,,,
Europe centrale et les pays baltes,CEB,Consommation d’électricité (KWh par habitant),EG.USE.ELEC.KH.PC,3341.726801,3430.725054,3454.635941,3588.323461,3676.626455,3739.653466,3888.525599,3984.588999,4048.765487,3840.536028,4017.412247,4096.894084,4093.459357,4075.34293,4115.630201,,,,,,,,
Suisse,CHE,Consommation d’électricité (KWh par habitant),EG.USE.ELEC.KH.PC,7845.634548,7992.277576,8031.432226,8195.120835,8205.829119,8305.371102,8360.576135,8163.295576,8305.923042,8021.223604,8174.408162,7928.19067,7886.094306,7807.058815,7520.166025,,,,,,,,
Îles Anglo-Normandes,CHI,Consommation d’électricité (KWh par habitant),EG.USE.ELEC.KH.PC,,,,,,,,,,,,,,,,,,,,,,,
Chili,CHL,Consommation d’électricité (KWh par habitant),EG.USE.ELEC.KH.PC,2497.752869,2627.354922,2726.237575,2896.06379,3063.872155,3097.065645,3226.346569,3346.480727,3347.665409,3306.86876,3318.305248,3596.106646,3820.371057,3893.506112,3895.436156,,,,,,,,
Chine,CHN,Consommation d’électricité (KWh par habitant),EG.USE.ELEC.KH.PC,992.9433847,1076.549121,1194.856295,1379.484632,1585.838782,1782.312153,2039.01466,2325.926769,2446.369055,2612.45662,2943.589954,3295.784868,3466.019539,3757.185088,3905.317598,,,,,,,,
Côte d'Ivoire,CIV,Consommation d’électricité (KWh par habitant),EG.USE.ELEC.KH.PC,170.4200142,178.0757704,172.1340042,169.4040406,168.0246049,166.1024928,175.7239344,180.9998133,189.4840408,194.5084773,209.0431449,192.0426896,229.842633,229.2019482,270.5740305,,,,,,,,
Cameroun,CMR,Consommation d’électricité (KWh par habitant),EG.USE.ELEC.KH.PC,180.1665218,169.8158547,159.356211,171.6976903,197.5084546,191.3729248,252.2064118,260.41173,273.8977374,271.3870097,267.5817671,262.0682323,252.7494827,257.3863361,279.9155231,,,,,,,,
"Congo, République démocratique du",COD,Consommation d’électricité (KWh par habitant),EG.USE.ELEC.KH.PC,93.56940798,92.34301941,86.62060799,87.19000631,85.37714451,86.66628812,98.62691398,102.0411176,98.21730294,103.7649903,101.7754491,105.0335268,109.0596098,113.6808823,105.2796488,,,,,,,,
"Congo, République du",COG,Consommation d’électricité (KWh par habitant),EG.USE.ELEC.KH.PC,95.40431968,103.5616288,114.6748368,114.1721512,104.4309192,115.7143017,123.5143207,122.841149,132.7757567,140.9367124,134.9742355,141.5727357,205.3781493,204.0154381,194.3431777,,,,,,,,
Colombie,COL,Consommation d’électricité (KWh par habitant),EG.USE.ELEC.KH.PC,854.5425127,874.9964701,882.359121,885.5101847,921.5509274,918.4068379,970.661103,998.4163608,998.3724183,1076.095349,1104.491269,1148.560242,1177.569983,1317.965575,1320.34513,,,,,,,,
Comores,COM,Consommation d’électricité (KWh par habitant),EG.USE.ELEC.KH.PC,,,,,,,,,,,,,,,,,,,,,,,
Cabo Verde,CPV,Consommation d’électricité (KWh par habitant),EG.USE.ELEC.KH.PC,,,,,,,,,,,,,,,,,,,,,,,
Costa Rica,CRI,Consommation d’électricité (KWh par habitant),EG.USE.ELEC.KH.PC,1500.555515,1478.823514,1550.22664,1633.95494,1668.54778,1709.034551,1809.202562,1870.487491,1872.756097,1827.913183,1869.651417,1866.482504,1922.901123,1919.844058,1922.883198,,,,,,,,
Petits états des Caraïbes,CSS,Consommation d’électricité (KWh par habitant),EG.USE.ELEC.KH.PC,2751.273566,2792.850554,2848.071173,3074.292064,3048.65681,3204.185388,3235.190152,3071.286087,2652.586806,2691.495094,2817.533823,2905.474071,2871.761608,2962.448237,3053.974642,,,,,,,,
Cuba,CUB,Consommation d’électricité (KWh par habitant),EG.USE.ELEC.KH.PC,1140.035861,1160.503871,1188.266732,1196.601512,1177.964693,1156.666205,1227.284797,1300.279231,1318.747506,1328.082452,1295.700593,1325.195531,1372.853645,1430.630833,1447.666993,,,,,,,,
Curacao,CUW,Consommation d’électricité (KWh par habitant),EG.USE.ELEC.KH.PC,7291.199761,7222.174867,7282.999884,7521.02019,7571.241207,7613.070072,7243.041936,7323.540845,7149.712092,7423.399372,7471.268233,7379.119677,5062.858345,4934.274681,4797.670436,,,,,,,,
Îles Caïmans,CYM,Consommation d’électricité (KWh par habitant),EG.USE.ELEC.KH.PC,,,,,,,,,,,,,,,,,,,,,,,
Chypre,CYP,Consommation d’électricité (KWh par habitant),EG.USE.ELEC.KH.PC,3355.701159,3438.947794,3683.590004,3891.637927,3914.854852,4062.437926,4198.257027,4335.708226,4509.378519,4523.958256,4516.299219,4164.752691,3960.033064,3516.805945,3548.868092,,,,,,,,
République tchèque,CZE,Consommation d’électricité (KWh par habitant),EG.USE.ELEC.KH.PC,5703.816739,5892.172595,5894.233119,6074.849142,6230.398228,6357.421095,6528.53015,6518.217413,6489.126257,6139.35206,6348.424398,6298.727678,6304.571923,6284.790806,6258.891037,,,,,,,,
Allemagne,DEU,Consommation d’électricité (KWh par habitant),EG.USE.ELEC.KH.PC,6635.421406,6762.653396,6900.780527,7009.726492,7108.962524,7138.221485,7212.437448,7229.089913,7187.764009,6817.158398,7264.322591,7281.272174,7270.152523,7217.529089,7035.482975,,,,,,,,
Djibouti,DJI,Consommation d’électricité (KWh par habitant),EG.USE.ELEC.KH.PC,,,,,,,,,,,,,,,,,,,,,,,
Dominique,DMA,Consommation d’électricité (KWh par habitant),EG.USE.ELEC.KH.PC,,,,,,,,,,,,,,,,,,,,,,,
Danemark,DNK,Consommation d’électricité (KWh par habitant),EG.USE.ELEC.KH.PC,6482.488628,6490.092993,6533.752014,6602.63638,6615.569959,6659.000427,6824.745939,6668.390266,6534.12385,6219.701092,6327.506456,6165.97362,6038.552307,6039.432,5858.801536,,,,,,,,
République dominicaine,DOM,Consommation d’électricité (KWh par habitant),EG.USE.ELEC.KH.PC,1316.974037,1277.765473,1379.290585,1354.618888,1119.966578,1225.562938,1320.850721,1349.895971,1368.483793,1315.912078,1383.320265,1415.021421,1484.415827,1535.091239,1597.142222,,,,,,,,
Algérie,DZA,Consommation d’électricité (KWh par habitant),EG.USE.ELEC.KH.PC,689.2367578,714.7851262,736.1335584,791.523977,808.6081082,895.8423919,867.7413064,899.1041533,951.7034508,869.7001881,1020.070535,1126.957018,1242.063895,1283.610433,1368.621519,,,,,,,,
Asie de l’Est et Pacifique (hors revenu élevé),EAP,Consommation d’électricité (KWh par habitant),EG.USE.ELEC.KH.PC,873.9161931,939.2803932,1029.033474,1167.315788,1323.540294,1467.359347,1654.094112,1863.209494,1952.144564,2079.861513,2327.984348,2573.732231,2708.883911,2919.775409,3033.604944,,,,,,,,
de dividende précoce démographique,EAR,Consommation d’électricité (KWh par habitant),EG.USE.ELEC.KH.PC,723.4467226,730.023195,751.1040575,785.465933,810.4222477,842.2141873,883.0418111,916.761026,936.7590307,951.2797157,1004.804544,1054.384227,1080.84008,1105.289016,1135.907762,,,,,,,,
Asie de l’Est et Pacifique,EAS,Consommation d’électricité (KWh par habitant),EG.USE.ELEC.KH.PC,1664.028246,1726.042797,1824.698438,1947.118721,2112.313205,2258.802238,2431.936379,2642.571249,2696.30009,2791.099853,3071.401524,3268.766767,3381.784565,3567.221542,3661.130009,,,,,,,,
Europe et Asie centrale (hors revenu élevé),ECA,Consommation d’électricité (KWh par habitant),EG.USE.ELEC.KH.PC,3428.177273,3467.451371,3488.685791,3610.294968,3712.97532,3804.326756,3995.166332,4108.53016,4178.391473,3960.383871,4173.913028,4274.395953,4346.748235,4312.140136,4333.228901,,,,,,,,
Europe et Asie centrale,ECS,Consommation d’électricité (KWh par habitant),EG.USE.ELEC.KH.PC,4937.535566,5028.524445,5074.601745,5188.673359,5295.353421,5374.531238,5489.984675,5548.298776,5579.568399,5292.050123,5525.671251,5487.300156,5519.860333,5457.658671,5369.36502,,,,,,,,
Équateur,ECU,Consommation d’électricité (KWh par habitant),EG.USE.ELEC.KH.PC,637.6268591,650.3434154,692.3166319,719.4848218,827.5830681,797.7480339,865.5826397,955.8067435,1080.307602,1107.322737,1139.591256,1212.516722,1276.230258,1328.055372,1375.862154,,,,,,,,
"Égypte, République arabe d’",EGY,Consommation d’électricité (KWh par habitant),EG.USE.ELEC.KH.PC,942.1985182,990.6215369,1036.767076,1099.280519,1138.831734,1205.281396,1271.182184,1355.493646,1396.747607,1458.753776,1494.915676,1597.543876,1596.464267,1595.17419,1592.219894,,,,,,,,
Zone euro,EMU,Consommation d’électricité (KWh par habitant),EG.USE.ELEC.KH.PC,6235.865112,6377.200471,6480.215542,6618.981274,6741.218258,6784.598445,6855.680009,6861.00901,6853.558858,6495.91049,6772.781692,6643.472438,6636.719001,6536.447196,6352.36636,,,,,,,,
Érythrée,ERI,Consommation d’électricité (KWh par habitant),EG.USE.ELEC.KH.PC,71.8799104,78.8000619,84.79153843,87.81219497,85.04816984,85.46006472,80.55295437,83.72725011,80.51157454,84.30915779,86.41155983,89.47583373,92.84891207,94.64965521,96.28621076,,,,,,,,
Espagne,ESP,Consommation d’électricité (KWh par habitant),EG.USE.ELEC.KH.PC,5167.809673,5422.51569,5576.546265,5676.140491,5892.307411,6111.219223,6105.075849,6054.374438,6025.772757,5652.595933,5706.563063,5599.377374,5573.401182,5409.411338,5355.987006,,,,,,,,
Estonie,EST,Consommation d’électricité (KWh par habitant),EG.USE.ELEC.KH.PC,4540.492561,4680.447946,4767.462935,5158.602778,5429.525522,5531.545829,5869.424789,6277.411463,6364.56783,5975.953811,6506.318181,6314.414448,6689.367776,6664.658569,6732.367473,,,,,,,,
Éthiopie,ETH,Consommation d’électricité (KWh par habitant),EG.USE.ELEC.KH.PC,22.48184434,26.23917739,25.8887965,28.2360641,30.34487206,33.04507529,36.91757104,38.9286404,40.29299014,41.41520111,47.43506033,51.59123116,56.1665231,62.93495288,68.05233164,,,,,,,,
Union européenne,EUU,Consommation d’électricité (KWh par habitant),EG.USE.ELEC.KH.PC,5780.010738,5916.734134,5996.175788,6126.976688,6241.935402,6295.171088,6380.515299,6405.322746,6409.017747,6082.272577,6350.118405,6247.455559,6247.725054,6160.360595,6021.525547,,,,,,,,
Fragile et les situations de conflit touchées,FCS,Consommation d’électricité (KWh par habitant),EG.USE.ELEC.KH.PC,594.6178242,598.2767116,612.7577995,611.9803523,643.4359681,639.8696658,661.0790288,661.8621158,649.888523,621.2187194,680.8483374,682.280555,642.376917,642.1532269,590.5382742,,,,,,,,
Finlande,FIN,Consommation d’électricité (KWh par habitant),EG.USE.ELEC.KH.PC,15305.40981,15709.88325,16140.06697,16445.57256,16777.56585,16117.89033,17215.03729,17160.86312,16349.23333,15243.11039,16484.09428,15710.97376,15689.22331,15510.8355,15249.98938,,,,,,,,
Fidji,FJI,Consommation d’électricité (KWh par habitant),EG.USE.ELEC.KH.PC,,,,,,,,,,,,,,,,,,,,,,,
France,FRA,Consommation d’électricité (KWh par habitant),EG.USE.ELEC.KH.PC,7223.473452,7341.065258,7297.953479,7528.088823,7660.0972,7651.768968,7539.47998,7512.932678,7642.891013,7337.60702,7734.361875,7232.708161,7363.151181,7367.441453,6939.943525,,,,,,,,
Îles Féroé,FRO,Consommation d’électricité (KWh par habitant),EG.USE.ELEC.KH.PC,,,,,,,,,,,,,,,,,,,,,,,
"Micronésie, États fédérés de",FSM,Consommation d’électricité (KWh par habitant),EG.USE.ELEC.KH.PC,,,,,,,,,,,,,,,,,,,,,,,
Gabon,GAB,Consommation d’électricité (KWh par habitant),EG.USE.ELEC.KH.PC,849.2185383,866.377364,889.1731063,896.6931177,875.0202878,873.588219,899.8132488,921.4246722,931.8878135,894.4435642,908.7694794,919.0409027,941.9041163,1031.423185,1118.536954,,,,,,,,
Royaume-Uni,GBR,Consommation d’électricité (KWh par habitant),EG.USE.ELEC.KH.PC,6114.529259,6141.982551,6142.749834,6174.550896,6138.754137,6270.984059,6200.554113,6102.396768,6015.726861,5643.128595,5700.855864,5471.933475,5449.259473,5409.626422,5130.390253,,,,,,,,
Géorgie,GEO,Consommation d’électricité (KWh par habitant),EG.USE.ELEC.KH.PC,1574.391404,1583.559873,1653.380721,1749.863857,1814.45966,1916.479029,1769.171675,1829.976908,1881.537211,1833.044561,2049.544524,2289.134849,2329.92587,2498.340357,2693.97276,,,,,,,,
Ghana,GHA,Consommation d’électricité (KWh par habitant),EG.USE.ELEC.KH.PC,319.7477491,324.8235988,298.4344691,212.0067058,210.6229564,235.4096784,284.0866536,233.7154214,253.1027699,251.9762723,268.859259,305.312448,331.2140746,363.4071951,339.1927426,,,,,,,,
Gibraltar,GIB,Consommation d’électricité (KWh par habitant),EG.USE.ELEC.KH.PC,4361.77499,4400.995635,4481.571777,4593.477262,4596.740493,4836.220202,4934.599655,5000.666756,5296.401079,5483.630228,5501.887275,5236.427873,5317.164179,5646.231218,5916.43042,,,,,,,,
Guinée,GIN,Consommation d’électricité (KWh par habitant),EG.USE.ELEC.KH.PC,,,,,,,,,,,,,,,,,,,,,,,
Gambie,GMB,Consommation d’électricité (KWh par habitant),EG.USE.ELEC.KH.PC,,,,,,,,,,,,,,,,,,,,,,,
Guinée-Bissau,GNB,Consommation d’électricité (KWh par habitant),EG.USE.ELEC.KH.PC,,,,,,,,,,,,,,,,,,,,,,,
Guinée équatoriale,GNQ,Consommation d’électricité (KWh par habitant),EG.USE.ELEC.KH.PC,,,,,,,,,,,,,,,,,,,,,,,
Grèce,GRC,Consommation d’électricité (KWh par habitant),EG.USE.ELEC.KH.PC,4586.32987,4719.147217,4909.639698,5091.292424,5200.024354,5297.200025,5434.576469,5701.330854,5805.192546,5627.883706,5333.439556,5389.333122,5534.897159,5028.995794,5062.606422,,,,,,,,
Grenade,GRD,Consommation d’électricité (KWh par habitant),EG.USE.ELEC.KH.PC,,,,,,,,,,,,,,,,,,,,,,,
Groenland,GRL,Consommation d’électricité (KWh par habitant),EG.USE.ELEC.KH.PC,,,,,,,,,,,,,,,,,,,,,,,
Guatemala,GTM,Consommation d’électricité (KWh par habitant),EG.USE.ELEC.KH.PC,332.1897665,359.5987555,364.8481937,453.8742172,486.9064354,486.1645073,540.4390869,552.4961496,540.8572883,549.9211082,556.0430604,550.2869363,550.2659935,578.9026189,601.1897311,,,,,,,,
Guam,GUM,Consommation d’électricité (KWh par habitant),EG.USE.ELEC.KH.PC,,,,,,,,,,,,,,,,,,,,,,,
Guyana,GUY,Consommation d’électricité (KWh par habitant),EG.USE.ELEC.KH.PC,,,,,,,,,,,,,,,,,,,,,,,
Revenu élevé,HIC,Consommation d’électricité (KWh par habitant),EG.USE.ELEC.KH.PC,8663.221761,8584.522927,8736.018035,8820.093779,8954.27419,9120.213243,9135.042683,9225.025215,9183.848915,8783.874153,9157.490377,9049.243676,8989.59938,8989.369119,8930.522686,,,,,,,,
"Chine, RAS de Hong Kong",HKG,Consommation d’électricité (KWh par habitant),EG.USE.ELEC.KH.PC,5446.661665,5549.945638,5647.899646,5713.882451,5782.560625,5878.441848,5882.807601,5907.349305,5883.037742,5950.83754,5973.349278,5959.895922,6031.244318,5941.160902,6083.269936,,,,,,,,
Honduras,HND,Consommation d’électricité (KWh par habitant),EG.USE.ELEC.KH.PC,482.3693333,489.1880663,509.9781934,533.0551838,531.5974048,565.3957446,575.5822961,625.6576156,646.2779709,614.8138608,608.0985378,653.0585547,625.6563221,631.5385133,608.1390944,,,,,,,,
Pays pauvres très endettés (PPTE),HPC,Consommation d’électricité (KWh par habitant),EG.USE.ELEC.KH.PC,129.9518096,139.9000652,139.8462706,142.6996616,151.0141412,157.1570427,167.1825034,169.446238,168.964246,171.0091092,180.7012492,186.89462,199.7156586,205.2683979,211.4395837,,,,,,,,
Croatie,HRV,Consommation d’électricité (KWh par habitant),EG.USE.ELEC.KH.PC,2828.815062,2993.272463,3191.409738,3257.889868,3429.354644,3582.246073,3744.468715,3846.674077,3990.29632,3818.422501,3922.310867,3900.601361,3819.280253,3754.268698,3714.382988,,,,,,,,
Haïti,HTI,Consommation d’électricité (KWh par habitant),EG.USE.ELEC.KH.PC,36.2430437,35.59794204,30.94135851,29.050486,28.56668127,37.64308212,37.98716379,25.68776878,23.91583215,36.1744009,24.78949251,31.74503672,46.79212298,44.43922089,39.56691514,,,,,,,,
Hongrie,HUN,Consommation d’électricité (KWh par habitant),EG.USE.ELEC.KH.PC,3309.283711,3426.722902,3545.170756,3637.278332,3680.168467,3771.364614,3882.490664,3976.518977,3988.767694,3773.153807,3876.491084,3898.823143,3923.042324,3892.113701,3965.958233,,,,,,,,
BIRD seulement,IBD,Consommation d’électricité (KWh par habitant),EG.USE.ELEC.KH.PC,1167.186754,1193.234384,1246.060876,1335.553028,1427.651696,1511.184887,1633.176549,1755.516859,1811.794634,1852.636768,2012.776298,2158.476757,2233.591806,2336.245053,2397.930201,,,,,,,,
BIRD et IDA,IBT,Consommation d’électricité (KWh par habitant),EG.USE.ELEC.KH.PC,990.5332193,1010.677266,1052.757699,1124.339851,1199.051888,1265.812431,1362.764416,1457.819,1497.884732,1527.879294,1654.795199,1766.832463,1819.434157,1897.846421,1943.22827,,,,,,,,
IDA totale,IDA,Consommation d’électricité (KWh par habitant),EG.USE.ELEC.KH.PC,240.7819529,245.58153,252.2852603,259.6965947,274.0307519,284.1976297,293.8518292,295.9385088,287.355037,289.9751204,307.33179,310.4115426,308.5353097,313.3139252,314.3901966,,,,,,,,
IDA mélange,IDB,Consommation d’électricité (KWh par habitant),EG.USE.ELEC.KH.PC,335.2047727,333.4473106,343.4300191,350.0738242,363.3652043,374.0023125,380.1925364,377.1888083,353.6290505,354.2107551,363.1825784,363.3495802,361.4921541,371.3637852,369.385439,,,,,,,,
Indonésie,IDN,Consommation d’électricité (KWh par habitant),EG.USE.ELEC.KH.PC,385.7573041,406.3792992,412.266143,423.5294457,468.804367,495.1462105,510.5147263,540.3769249,564.1504172,588.1244752,630.298386,674.8207384,728.1833488,769.4967668,808.4189721,910,956,1021,1064,1084,,,
IDA seulement,IDX,Consommation d’électricité (KWh par habitant),EG.USE.ELEC.KH.PC,181.1451712,189.8268492,194.3170274,202.134549,217.0234693,226.7893664,238.5666785,243.8239817,244.7071404,248.4510383,271.0632368,275.9110848,274.4477529,275.8913741,278.8912533,,,,,,,,
Île de Man,IMN,Consommation d’électricité (KWh par habitant),EG.USE.ELEC.KH.PC,,,,,,,,,,,,,,,,,,,,,,,
Inde,IND,Consommation d’électricité (KWh par habitant),EG.USE.ELEC.KH.PC,392.5101757,392.3609036,408.7769006,428.2132845,448.9720155,465.1766773,506.2225086,538.7865959,558.4267535,595.6056558,637.1258442,692.779357,718.2959462,758.1106752,797.349232,,,,,,,,
Non classifié,INX,Consommation d’électricité (KWh par habitant),EG.USE.ELEC.KH.PC,,,,,,,,,,,,,,,,,,,,,,,
Irlande,IRL,Consommation d’électricité (KWh par habitant),EG.USE.ELEC.KH.PC,5796.055581,5896.939225,6035.686646,6092.548994,6168.398988,6241.715574,6351.099111,6218.313404,6340.733045,5947.909489,5927.86868,5657.538159,5651.008483,5698.756179,5672.064134,,,,,,,,
"Iran, République islamique d’",IRN,Consommation d’électricité (KWh par habitant),EG.USE.ELEC.KH.PC,1548.370667,1638.41386,1744.170926,1893.364284,2006.308159,2067.107978,2198.72787,2275.930926,2383.003643,2458.724412,2603.090952,2621.511809,2720.355557,2759.482006,2927.790204,,,,,,,,
Iraq,IRQ,Consommation d’électricité (KWh par habitant),EG.USE.ELEC.KH.PC,1183.976943,1181.286797,1201.165035,985.3771625,1135.577697,784.7398159,932.3450637,761.5954105,747.4404554,825.6121686,1176.783851,1247.140772,1074.607833,1334.176958,1243.846759,,,,,,,,
Islande,ISL,Consommation d’électricité (KWh par habitant),EG.USE.ELEC.KH.PC,26201.52558,26950.39443,27896.89868,27666.38689,28215.45225,27988.02968,31328.3868,36852.54489,50063.95433,51259.18763,51439.90869,52373.87701,53202.83366,54799.17471,53832.47909,,,,,,,,
Israël,ISR,Consommation d’électricité (KWh par habitant),EG.USE.ELEC.KH.PC,6323.103832,6400.217425,6502.739726,6597.306307,6525.921574,6572.199535,6711.229567,7003.24508,7134.002846,6607.887143,6953.276667,6930.000773,7184.501612,6710.093678,6600.89828,,,,,,,,
Italie,ITA,Consommation d’électricité (KWh par habitant),EG.USE.ELEC.KH.PC,5299.856479,5406.491722,5539.703837,5652.519542,5687.997573,5731.101557,5833.467297,5804.325964,5757.960611,5368.390567,5493.711037,5514.803615,5397.741477,5159.183655,5002.40668,,,,,,,,
Jamaïque,JAM,Consommation d’électricité (KWh par habitant),EG.USE.ELEC.KH.PC,2313.371271,2320.4039,2394.016626,2461.687489,2434.662751,2453.618284,2428.931538,1974.662569,1190.540733,1255.14206,1250.23044,1239.909124,1068.54911,1044.307712,1084.917705,,,,,,,,
Jordanie,JOR,Consommation d’électricité (KWh par habitant),EG.USE.ELEC.KH.PC,1306.521492,1337.901462,1412.748515,1452.340637,1565.317764,1602.526286,1655.65312,1724.580854,1826.3579,1842.343912,1933.270988,1990.300957,2151.316518,2052.941111,1921.107652,,,,,,,,
Japon,JPN,Consommation d’électricité (KWh par habitant),EG.USE.ELEC.KH.PC,8299.409506,8162.014644,8266.099102,8164.933682,8393.257723,8539.010589,8542.478139,8710.025703,8270.007731,8020.273806,8594.909034,8099.598695,7998.346771,7988.58331,7819.714636,,,,,,,,
Kazakhstan,KAZ,Consommation d’électricité (KWh par habitant),EG.USE.ELEC.KH.PC,3169.523341,3512.035501,3558.327279,3768.792568,3859.192816,4012.073919,4261.212294,4487.28613,4658.571898,4447.324403,4728.011591,4892.734896,5180.65351,5345.468427,5600.208465,,,,,,,,
Kenya,KEN,Consommation d’électricité (KWh par habitant),EG.USE.ELEC.KH.PC,108.1629268,117.6402405,116.4740883,121.8937166,128.9095522,130.9599836,138.5230861,141.8889337,141.0165312,141.6593277,149.6704012,150.6034552,152.564369,163.5992989,167.4380987,,,,,,,,
République kirghize,KGZ,Consommation d’électricité (KWh par habitant),EG.USE.ELEC.KH.PC,1696.064021,1445.875715,1365.94065,1644.359844,1417.908986,1374.307519,1377.433696,1456.229595,1378.720364,1323.723367,1371.721214,1649.258332,1809.102582,1887.020071,1941.221832,,,,,,,,
Cambodge,KHM,Consommation d’électricité (KWh par habitant),EG.USE.ELEC.KH.PC,32.84142436,36.7152659,50.62977147,51.76845581,55.92956747,66.88517333,80.72546671,100.3296368,114.1001706,127.3688271,143.7668674,164.7467371,207.1464511,221.9380236,272.5034428,,,,,,,,
Kiribati,KIR,Consommation d’électricité (KWh par habitant),EG.USE.ELEC.KH.PC,,,,,,,,,,,,,,,,,,,,,,,
Saint-Kitts-et-Nevis,KNA,Consommation d’électricité (KWh par habitant),EG.USE.ELEC.KH.PC,,,,,,,,,,,,,,,,,,,,,,,
"Corée, République de",KOR,Consommation d’électricité (KWh par habitant),EG.USE.ELEC.KH.PC,5906.959333,6309.203405,6673.937704,6977.317662,7390.794147,7796.314674,8039.796283,8462.206543,8772.287463,8877.574933,9716.126081,10129.95709,10305.32898,10384.62216,10496.51367,,,,,,,,
Koweït,KWT,Consommation d’électricité (KWh par habitant),EG.USE.ELEC.KH.PC,14867.42733,15326.80549,15806.66652,16856.48292,17050.53353,17342.28683,17842.87019,17074.5689,17063.82288,16669.70721,17033.61741,16023.47459,15837.21271,14694.56616,15297.81071,,,,,,,,
Amérique latine et Caraïbes (hors revenu élevé),LAC,Consommation d’électricité (KWh par habitant),EG.USE.ELEC.KH.PC,1505.746612,1462.508996,1486.116635,1565.913046,1591.102506,1642.316271,1682.856724,1743.576011,1796.238988,1777.93127,1870.045035,1955.84886,2001.374442,2021.674856,2058.231008,,,,,,,,
République démocratique populaire lao,LAO,Consommation d’électricité (KWh par habitant),EG.USE.ELEC.KH.PC,,,,,,,,,,,,,,,,,,,,,,,
Liban,LBN,Consommation d’électricité (KWh par habitant),EG.USE.ELEC.KH.PC,2235.547402,2255.536316,2384.932891,2435.176468,2404.915453,2413.502866,2316.380302,2375.661384,2495.082978,2653.331004,3020.136915,3040.005899,2660.506645,2880.512273,2583.378464,,,,,,,,
Libéria,LBR,Consommation d’électricité (KWh par habitant),EG.USE.ELEC.KH.PC,,,,,,,,,,,,,,,,,,,,,,,
Libye,LBY,Consommation d’électricité (KWh par habitant),EG.USE.ELEC.KH.PC,2309.30843,2327.178825,2836.64667,2989.188728,3118.558863,3404.77007,3737.42188,3716.638044,3070.46627,3030.569365,3209.340498,2866.293091,2400.053153,2450.536079,1889.545086,,,,,,,,
Sainte-Lucie,LCA,Consommation d’électricité (KWh par habitant),EG.USE.ELEC.KH.PC,,,,,,,,,,,,,,,,,,,,,,,
Amérique latine et Caraïbes,LCN,Consommation d’électricité (KWh par habitant),EG.USE.ELEC.KH.PC,1598.790836,1566.604774,1592.40843,1666.671388,1701.316015,1754.779246,1802.554112,1864.643582,1918.955756,1900.162221,1991.942235,2082.123245,2134.222559,2155.930672,2161.240262,,,,,,,,
Pays les moins avancés: classement de l’ONU,LDC,Consommation d’électricité (KWh par habitant),EG.USE.ELEC.KH.PC,88.49566844,97.68595841,101.998997,109.7479419,123.7773055,129.7319869,140.2422706,145.2444727,146.3139906,154.210073,168.3403639,176.0157662,185.4298682,198.7556576,209.6173072,,,,,,,,
Faible revenu,LIC,Consommation d’électricité (KWh par habitant),EG.USE.ELEC.KH.PC,,,,,,,,,,,,,,,,,,,,,,,
Liechtenstein,LIE,Consommation d’électricité (KWh par habitant),EG.USE.ELEC.KH.PC,,,,,,,,,,,,,,,,,,,,,,,
Sri Lanka,LKA,Consommation d’électricité (KWh par habitant),EG.USE.ELEC.KH.PC,294.8386565,290.6934492,302.3436025,324.9205571,352.4806609,397.4816134,399.5328601,415.3664675,420.0507719,417.6740928,450.6362007,491.0415243,509.5363324,512.1202422,519.5518887,,,,,,,,
"Revenu intermédiaire, tranche inférieure",LMC,Consommation d’électricité (KWh par habitant),EG.USE.ELEC.KH.PC,467.6218536,473.6251223,490.5552102,513.6335122,537.5426497,557.6957049,590.7311977,616.9908177,629.513405,648.8981442,692.1374857,730.4982385,752.7548631,779.8345646,806.9322131,,,,,,,,
Revenu faible et intermédiaire,LMY,Consommation d’électricité (KWh par habitant),EG.USE.ELEC.KH.PC,950.4249297,970.2459192,1013.092693,1084.549327,1158.547651,1225.463142,1321.582375,1416.748797,1456.529173,1489.123186,1615.309477,1726.817167,1779.535028,1859.198755,1907.915178,,,,,,,,
Lesotho,LSO,Consommation d’électricité (KWh par habitant),EG.USE.ELEC.KH.PC,,,,,,,,,,,,,,,,,,,,,,,
de dividende tardif démographique,LTE,Consommation d’électricité (KWh par habitant),EG.USE.ELEC.KH.PC,1538.257665,1591.431275,1679.170982,1828.912626,1986.329083,2133.919867,2340.45697,2554.646076,2655.550363,2738.052813,3008.677768,3244.966045,3385.666491,3577.939288,3692.338509,,,,,,,,
Lituanie,LTU,Consommation d’électricité (KWh par habitant),EG.USE.ELEC.KH.PC,2516.905098,2695.906268,2848.913483,3087.655148,3196.849344,3187.03108,3353.304327,3564.206785,3733.626495,3622.290317,3470.78503,3529.918778,3607.703798,3663.671197,3821.14517,,,,,,,,
Luxembourg,LUX,Consommation d’électricité (KWh par habitant),EG.USE.ELEC.KH.PC,15668.11827,15616.32977,15980.2768,16258.88449,16300.11242,15644.14672,16456.60412,16352.3218,15937.78778,14425.96473,16829.96254,15586.08423,14703.94353,14193.16843,13914.67845,,,,,,,,
Lettonie,LVA,Consommation d’électricité (KWh par habitant),EG.USE.ELEC.KH.PC,2082.321387,2213.360603,2307.186518,2493.930169,2607.45996,2777.38198,2966.609973,3169.077295,3213.12144,3026.611489,3229.951062,3264.05332,3587.932866,3472.541385,3507.404521,,,,,,,,
"Région administrative spéciale de Macao, Chine",MAC,Consommation d’électricité (KWh par habitant),EG.USE.ELEC.KH.PC,,,,,,,,,,,,,,,,,,,,,,,
Saint-Martin (fr),MAF,Consommation d’électricité (KWh par habitant),EG.USE.ELEC.KH.PC,,,,,,,,,,,,,,,,,,,,,,,
Maroc,MAR,Consommation d’électricité (KWh par habitant),EG.USE.ELEC.KH.PC,494.1442505,528.4807721,538.8061771,584.0275888,613.9554242,634.9586694,687.5420775,715.6937425,731.2472214,743.0668601,773.0511123,822.7646381,873.9461592,879.1390319,902.9565381,,,,,,,,
Monaco,MCO,Consommation d’électricité (KWh par habitant),EG.USE.ELEC.KH.PC,,,,,,,,,,,,,,,,,,,,,,,
Moldova,MDA,Consommation d’électricité (KWh par habitant),EG.USE.ELEC.KH.PC,2038.521979,2245.612352,2330.162448,2615.736164,2440.243051,2548.299835,2695.622685,2484.431856,2524.022834,2166.33109,2144.039486,1829.62276,1884.751518,1683.476957,1725.094172,,,,,,,,
Madagascar,MDG,Consommation d’électricité (KWh par habitant),EG.USE.ELEC.KH.PC,,,,,,,,,,,,,,,,,,,,,,,
Maldives,MDV,Consommation d’électricité (KWh par habitant),EG.USE.ELEC.KH.PC,,,,,,,,,,,,,,,,,,,,,,,
Afrique du Nord et Moyen-Orient,MEA,Consommation d’électricité (KWh par habitant),EG.USE.ELEC.KH.PC,1719.606081,1793.201936,1873.459509,1965.541082,2027.450217,2102.299849,2212.088889,2274.398784,2348.357709,2396.334686,2577.905201,2612.37367,2669.603033,2714.197139,2803.273458,,,,,,,,
Mexique,MEX,Consommation d’électricité (KWh par habitant),EG.USE.ELEC.KH.PC,1819.349523,1850.830704,1857.99072,2013.749166,1937.624943,2007.04836,2033.684424,2063.932262,2067.794654,2020.712795,2046.82383,2246.91125,2283.071355,2172.175888,2186.375822,,,,,,,,
Îles Marshall,MHL,Consommation d’électricité (KWh par habitant),EG.USE.ELEC.KH.PC,,,,,,,,,,,,,,,,,,,,,,,
Revenu intermédiaire,MIC,Consommation d’électricité (KWh par habitant),EG.USE.ELEC.KH.PC,989.02239,1009.450531,1054.951258,1129.90457,1207.716922,1278.330792,1380.331361,1481.97543,1524.75279,1560.64588,1693.87458,1814.664696,1876.507537,1963.431147,2016.642618,,,,,,,,
Macédoine du Nord,MKD,Consommation d’électricité (KWh par habitant),EG.USE.ELEC.KH.PC,2907.691169,2811.956664,2794.832283,3149.834737,3181.234945,3413.105007,3488.825759,3660.280912,3712.935378,3452.04082,3601.452844,3909.083092,3704.433287,3571.165563,3513.954972,,,,,,,,
Mali,MLI,Consommation d’électricité (KWh par habitant),EG.USE.ELEC.KH.PC,,,,,,,,,,,,,,,,,,,,,,,
Malte,MLT,Consommation d’électricité (KWh par habitant),EG.USE.ELEC.KH.PC,4311.858637,4292.315051,4500.3523,4872.272205,4797.292583,4912.90976,4897.510042,4873.083467,4836.593963,4434.186633,4767.097378,4867.0568,5002.047483,4915.873765,4924.544019,,,,,,,,
Myanmar,MMR,Consommation d’électricité (KWh par habitant),EG.USE.ELEC.KH.PC,77.20967909,70.1730351,74.95659983,82.02574304,82.59671219,76.77403066,90.56261824,91.62845942,96.47136438,101.8650381,127.3511678,158.089679,159.7230167,189.7791939,220.3928554,,,,,,,,
Afrique du Nord et Moyen-Orient (hors revenu élevé),MNA,Consommation d’électricité (KWh par habitant),EG.USE.ELEC.KH.PC,1037.786425,1085.058857,1144.59042,1190.231636,1256.341776,1280.326304,1352.472798,1385.593739,1420.324763,1452.791423,1576.463188,1601.92902,1591.529641,1621.643888,1642.158273,,,,,,,,
Monténégro,MNE,Consommation d’électricité (KWh par habitant),EG.USE.ELEC.KH.PC,,,,,,6314.905228,6451.770253,6564.643799,6287.187849,5010.561319,5419.51607,5741.203943,5415.717989,4574.964545,4612.34139,,,,,,,,
Mongolie,MNG,Consommation d’électricité (KWh par habitant),EG.USE.ELEC.KH.PC,1030.608585,1048.288826,1074.313211,1117.842806,1176.540585,1235.906543,1287.364765,1326.735858,1422.612284,1381.475997,1498.23128,1510.238205,1606.532708,1918.350261,2032.159729,,,,,,,,
Mariannes,MNP,Consommation d’électricité (KWh par habitant),EG.USE.ELEC.KH.PC,,,,,,,,,,,,,,,,,,,,,,,
Mozambique,MOZ,Consommation d’électricité (KWh par habitant),EG.USE.ELEC.KH.PC,125.2215648,277.3765861,266.7565876,377.2915419,453.8343391,457.3226394,466.6284915,468.3157779,452.1740356,452.8303232,462.3007739,462.533892,467.0116656,456.56276,483.4726029,,,,,,,,
Mauritanie,MRT,Consommation d’électricité (KWh par habitant),EG.USE.ELEC.KH.PC,,,,,,,,,,,,,,,,,,,,,,,
Maurice,MUS,Consommation d’électricité (KWh par habitant),EG.USE.ELEC.KH.PC,1363.24611,1453.664547,1473.492493,1561.765991,1614.246648,1683.690833,1743.117482,1816.671103,1881.649775,1907.12257,1995.361484,2025.704166,2075.035712,2147.860837,2182.035001,,,,,,,,
Malawi,MWI,Consommation d’électricité (KWh par habitant),EG.USE.ELEC.KH.PC,,,,,,,,,,,,,,,,,,,,,,,
Malaisie,MYS,Consommation d’électricité (KWh par habitant),EG.USE.ELEC.KH.PC,2776.883132,2777.867804,2828.255382,2909.891428,2967.562745,2847.913957,3030.018054,3227.928921,3235.216974,3874.728339,4071.944263,4027.668048,4251.958819,4420.469658,4539.499326,,,,,,,,
Amérique du Nord,NAC,Consommation d’électricité (KWh par habitant),EG.USE.ELEC.KH.PC,14001.20834,13419.03199,13656.44242,13691.15509,13769.83134,14023.67911,13871.14348,13955.28481,13930.9151,13164.35199,13580.59419,13483.99377,13200.44502,13278.45725,13253.82147,,,,,,,,
Namibie,NAM,Consommation d’électricité (KWh par habitant),EG.USE.ELEC.KH.PC,1037.852481,1070.888741,1105.095246,1147.526006,1429.819233,1502.395733,1594.214717,1602.293223,1642.832756,1593.389296,1601.031977,1629.196094,1681.684176,1714.666751,1674.988107,,,,,,,,
Nouvelle-Calédonie,NCL,Consommation d’électricité (KWh par habitant),EG.USE.ELEC.KH.PC,,,,,,,,,,,,,,,,,,,,,,,
Niger,NER,Consommation d’électricité (KWh par habitant),EG.USE.ELEC.KH.PC,31.92039003,30.08786154,29.78360644,29.22301657,32.91716806,36.08747923,34.31912526,38.52899001,38.6925415,42.08776515,43.73017688,46.92441963,48.90164292,47.87382582,50.84654595,,,,,,,,
Nigéria,NGA,Consommation d’électricité (KWh par habitant),EG.USE.ELEC.KH.PC,74.1461367,75.1153297,103.8639119,100.9917375,122.3339105,127.8305054,110.3653159,137.0790198,125.4802832,118.8857236,134.3499018,147.7846401,154.172314,140.3110169,142.1292221,,,,,,,,
Nicaragua,NIC,Consommation d’électricité (KWh par habitant),EG.USE.ELEC.KH.PC,341.1915392,340.4737824,349.6858532,365.203336,390.9975506,411.2066743,423.5226123,457.0702599,470.1336769,475.3373067,503.779714,524.8585919,564.7856012,581.1047167,562.2776901,,,,,,,,
Pays-Bas,NLD,Consommation d’électricité (KWh par habitant),EG.USE.ELEC.KH.PC,6507.105925,6599.26537,6641.740762,6695.715124,6882.970221,6912.372085,7025.834479,7157.378577,7173.046299,6856.281897,7006.273821,7060.053768,6876.589753,6833.911435,6712.774758,,,,,,,,
Norvège,NOR,Consommation d’électricité (KWh par habitant),EG.USE.ELEC.KH.PC,24993.7263,25590.68943,24620.33613,23201.39413,24214.10698,25083.21453,24099.93226,24855.00046,24866.13431,23859.70958,24890.92401,23510.38383,24070.98592,23806.88488,22999.9346,,,,,,,,
Népal,NPL,Consommation d’électricité (KWh par habitant),EG.USE.ELEC.KH.PC,57.33015737,62.91054389,65.92405912,68.87849304,72.75813515,75.47999609,82.39384552,86.5474979,82.80774348,96.42230691,101.9823341,114.8666533,119.3895772,134.3240002,143.5068381,,,,,,,,
Nauru,NRU,Consommation d’électricité (KWh par habitant),EG.USE.ELEC.KH.PC,,,,,,,,,,,,,,,,,,,,,,,
Nouvelle-Zélande,NZL,Consommation d’électricité (KWh par habitant),EG.USE.ELEC.KH.PC,9384.348187,9417.343126,9526.655692,9407.032181,9666.299694,9673.673771,9700.090809,9640.607983,9556.317198,9403.848836,9601.903142,9458.485401,9360.949162,9089.619774,9012.731097,,,,,,,,
Pays membres de l'OCDE,OED,Consommation d’électricité (KWh par habitant),EG.USE.ELEC.KH.PC,7722.03663,7627.526888,7742.68145,7802.429375,7905.917965,8036.960685,8041.423128,8120.182697,8079.373635,7712.477666,8021.339297,7937.030034,7866.476857,7843.193031,7755.532021,,,,,,,,
Oman,OMN,Consommation d’électricité (KWh par habitant),EG.USE.ELEC.KH.PC,3097.788507,3320.48514,3421.034348,3483.303175,3793.256388,3917.792359,4245.798624,4474.037687,4971.279066,5599.552481,5826.683239,5934.758815,6111.304542,6122.860706,6474.500202,,,,,,,,
Autres petits états,OSS,Consommation d’électricité (KWh par habitant),EG.USE.ELEC.KH.PC,,,,,,,,,,,,,,,,,,,,,,,
Pakistan,PAK,Consommation d’électricité (KWh par habitant),EG.USE.ELEC.KH.PC,334.1713118,336.3444574,340.9288436,362.734925,379.1475138,408.7179131,429.4491316,423.9010749,389.6425442,403.154329,408.0029046,399.3399124,396.2694237,426.4343998,419.6845943,,,,,,,,
Panama,PAN,Consommation d’électricité (KWh par habitant),EG.USE.ELEC.KH.PC,1278.595584,1301.198553,1336.114502,1371.319157,1435.570009,1465.87825,1488.167245,1582.054392,1636.494514,1648.61886,1754.324477,1833.450177,1963.587477,2025.876371,2070.822489,,,,,,,,
Pérou,PER,Consommation d’électricité (KWh par habitant),EG.USE.ELEC.KH.PC,661.3157381,686.361742,720.9569532,745.9995516,784.9741831,821.3230791,874.1387484,957.7143134,1033.528043,1040.355091,1099.7082,1253.556881,1227.983351,1289.831431,1334.192046,,,,,,,,
Philippines,PHL,Consommation d’électricité (KWh par habitant),EG.USE.ELEC.KH.PC,499.5624387,519.1389164,522.8111085,556.1661702,575.9536616,576.7363677,567.6559539,580.6409162,582.3522789,585.5167858,633.3906402,638.3364356,658.5685412,677.2811187,690.7659626,,,,,,,,
Palaos,PLW,Consommation d’électricité (KWh par habitant),EG.USE.ELEC.KH.PC,,,,,,,,,,,,,,,,,,,,,,,
Papouasie-Nouvelle-Guinée,PNG,Consommation d’électricité (KWh par habitant),EG.USE.ELEC.KH.PC,,,,,,,,,,,,,,,,,,,,,,,
Pologne,POL,Consommation d’électricité (KWh par habitant),EG.USE.ELEC.KH.PC,3256.180455,3260.033263,3208.392157,3324.471392,3416.118632,3437.323998,3584.962188,3661.646104,3725.748778,3590.832081,3797.092296,3879.542094,3899.176642,3938.255208,3971.799761,,,,,,,,
de Pré-dividende démographique,PRE,Consommation d’électricité (KWh par habitant),EG.USE.ELEC.KH.PC,169.6453759,178.1715661,189.237464,181.5473336,203.5557384,186.4344092,195.6112323,194.334039,189.6636668,194.7877824,226.6981551,236.3685114,233.6141581,250.4235915,252.867906,,,,,,,,
Porto Rico,PRI,Consommation d’électricité (KWh par habitant),EG.USE.ELEC.KH.PC,,,,,,,,,,,,,,,,,,,,,,,
"Corée, République démocratique de",PRK,Consommation d’électricité (KWh par habitant),EG.USE.ELEC.KH.PC,699.0182205,723.3167076,704.3620656,743.3865029,772.4771002,800.4238168,779.3854709,743.9901273,798.4373073,723.592681,738.8268091,653.0881941,650.6810373,617.2750871,600.0525907,,,,,,,,
Portugal,PRT,Consommation d’électricité (KWh par habitant),EG.USE.ELEC.KH.PC,3988.960824,4119.670488,4271.168528,4375.732217,4533.539695,4682.991013,4827.467182,4890.560188,4850.837413,4843.849694,4959.094305,4848.279337,4736.351771,4685.054787,4662.6008,,,,,,,,
Paraguay,PRY,Consommation d’électricité (KWh par habitant),EG.USE.ELEC.KH.PC,918.4555504,906.6416248,921.9689655,879.465088,872.1782523,914.0243767,978.738589,1050.241094,1107.145464,1174.381955,1268.762526,1381.26014,1473.328649,1585.839473,1682.066869,,,,,,,,
Cisjordanie et Gaza,PSE,Consommation d’électricité (KWh par habitant),EG.USE.ELEC.KH.PC,,,,,,,,,,,,,,,,,,,,,,,
Petits états insulaires du Pacifique,PSS,Consommation d’électricité (KWh par habitant),EG.USE.ELEC.KH.PC,,,,,,,,,,,,,,,,,,,,,,,
de Post-dividende démographique,PST,Consommation d’électricité (KWh par habitant),EG.USE.ELEC.KH.PC,8797.492264,8702.869262,8854.654948,8921.793576,9061.339262,9225.469957,9228.177607,9318.516477,9271.533167,8847.860098,9223.910299,9102.661074,9014.474802,9003.642642,8898.940951,,,,,,,,
Polynésie française,PYF,Consommation d’électricité (KWh par habitant),EG.USE.ELEC.KH.PC,,,,,,,,,,,,,,,,,,,,,,,
Qatar,QAT,Consommation d’électricité (KWh par habitant),EG.USE.ELEC.KH.PC,13160.7262,13636.67835,14268.36758,14929.36108,15832.77952,15761.56756,15630.60312,14671.72879,13907.30449,14060.34004,15393.60282,15971.32423,17116.90438,15971.00665,16415.25154,,,,,,,,
Roumanie,ROU,Consommation d’électricité (KWh par habitant),EG.USE.ELEC.KH.PC,1987.66019,2066.783933,2079.796062,2237.937816,2295.570505,2365.419564,2446.286077,2529.906888,2605.819735,2390.574743,2550.863291,2639.033434,2604.243137,2494.533918,2584.411787,,,,,,,,
Fédération de Russie,RUS,Consommation d’électricité (KWh par habitant),EG.USE.ELEC.KH.PC,5198.405704,5274.363305,5304.41526,5478.130458,5633.8455,5770.100636,6098.533476,6286.049392,6399.683749,6095.380276,6409.894365,6485.75903,6617.134161,6539.207375,6602.657479,,,,,,,,
Rwanda,RWA,Consommation d’électricité (KWh par habitant),EG.USE.ELEC.KH.PC,,,,,,,,,,,,,,,,,,,,,,,
Asie du Sud,SAS,Consommation d’électricité (KWh par habitant),EG.USE.ELEC.KH.PC,351.8135316,352.9281204,366.8811309,385.1229908,406.5585354,423.9543976,459.7910642,485.2104782,496.458846,528.3667745,562.9528462,606.5608665,627.4785004,663.3339181,694.2292034,,,,,,,,
Arabie saoudite,SAU,Consommation d’électricité (KWh par habitant),EG.USE.ELEC.KH.PC,5432.676533,5709.427029,5830.596309,6306.378337,6210.34538,6457.385803,6604.29652,6622.899608,6796.865572,6990.535707,7435.044468,7514.490839,8043.075585,8385.611586,9047.685513,,,,,,,,
Soudan,SDN,Consommation d’électricité (KWh par habitant),EG.USE.ELEC.KH.PC,82.51335528,69.32060941,81.35560859,86.27485843,87.1961445,102.9770001,114.5947868,123.2400344,134.0704098,153.8174141,179.3423834,195.1793547,217.3505463,220.2791032,263.5174293,,,,,,,,
Sénégal,SEN,Consommation d’électricité (KWh par habitant),EG.USE.ELEC.KH.PC,103.5624771,125.7794933,148.8073313,128.8034391,141.7930474,161.9273528,161.2303653,186.0104088,162.7231158,194.5874831,205.2653761,206.2771632,218.2615213,218.3064684,232.7078258,,,,,,,,
Singapour,SGP,Consommation d’électricité (KWh par habitant),EG.USE.ELEC.KH.PC,7575.435954,7516.1696,7756.318921,8113.587306,8314.325321,8678.168168,8720.022084,8706.579067,8401.048395,8114.367449,8679.99335,8651.755275,8673.985216,8680.606361,8844.687593,,,,,,,,
Îles Salomon,SLB,Consommation d’électricité (KWh par habitant),EG.USE.ELEC.KH.PC,,,,,,,,,,,,,,,,,,,,,,,
Sierra Leone,SLE,Consommation d’électricité (KWh par habitant),EG.USE.ELEC.KH.PC,,,,,,,,,,,,,,,,,,,,,,,
El Salvador,SLV,Consommation d’électricité (KWh par habitant),EG.USE.ELEC.KH.PC,607.7051168,620.230641,661.7564493,689.9127554,688.740493,757.2273224,823.1092351,891.1123865,864.6859585,855.3339677,866.8581169,891.1013534,927.078733,971.4432229,949.9919962,,,,,,,,
Saint-Marin,SMR,Consommation d’électricité (KWh par habitant),EG.USE.ELEC.KH.PC,,,,,,,,,,,,,,,,,,,,,,,
Somalie,SOM,Consommation d’électricité (KWh par habitant),EG.USE.ELEC.KH.PC,,,,,,,,,,,,,,,,,,,,,,,
Serbie,SRB,Consommation d’électricité (KWh par habitant),EG.USE.ELEC.KH.PC,4198.715706,4434.370241,4480.344352,4332.679062,4258.251568,3921.906459,4040.44002,4159.137225,4291.843158,4224.397665,4358.812174,4489.57085,4386.534552,4444.222971,4271.744667,,,,,,,,
Afrique subsaharienne (hors revenu élevé),SSA,Consommation d’électricité (KWh par habitant),EG.USE.ELEC.KH.PC,510.2122991,488.8425443,509.3349092,508.3716795,516.162452,520.3755564,524.9774138,534.2468703,510.7918589,488.1930875,502.7058851,506.8491142,491.8295924,486.7079304,481.6401028,,,,,,,,
Soudan du Sud,SSD,Consommation d’électricité (KWh par habitant),EG.USE.ELEC.KH.PC,,,,,,,,,,,,,39.15300921,40.06831964,41.02277263,,,,,,,,
Afrique subsaharienne,SSF,Consommation d’électricité (KWh par habitant),EG.USE.ELEC.KH.PC,510.2122991,488.8425443,509.3349092,508.3716795,516.162452,520.3755564,524.9774138,534.2468703,510.7918589,488.1930875,502.7058851,506.8491142,491.8295924,486.7079304,481.6401028,,,,,,,,
Petits états,SST,Consommation d’électricité (KWh par habitant),EG.USE.ELEC.KH.PC,,,,,,,,,,,,,,,,,,,,,,,
Sao Tomé-et-Principe,STP,Consommation d’électricité (KWh par habitant),EG.USE.ELEC.KH.PC,,,,,,,,,,,,,,,,,,,,,,,
Suriname,SUR,Consommation d’électricité (KWh par habitant),EG.USE.ELEC.KH.PC,2227.566712,2306.142464,2475.457264,2399.85708,2506.992158,2675.215993,2674.211673,2680.198354,2936.67055,2931.552056,2887.855259,3214.729438,3214.414337,3523.380743,3493.176895,,,,,,,,
République slovaque,SVK,Consommation d’électricité (KWh par habitant),EG.USE.ELEC.KH.PC,4955.907896,5027.452807,5051.59839,5021.798222,5097.835556,4932.803281,5153.121484,5272.370783,5294.435099,4954.138251,5201.404897,5347.526223,5137.789018,5202.467288,5137.073835,,,,,,,,
Slovénie,SVN,Consommation d’électricité (KWh par habitant),EG.USE.ELEC.KH.PC,5777.995651,6006.34519,6380.951903,6578.034236,6830.705073,6917.860467,7123.537771,7137.824175,6920.244039,6104.421845,6510.841884,6753.073664,6718.975052,6779.280887,6727.999302,,,,,,,,
Suède,SWE,Consommation d’électricité (KWh par habitant),EG.USE.ELEC.KH.PC,15681.61527,16020.98031,15709.42967,15360.17889,15420.97314,15430.96395,15262.58727,15257.93575,14869.34898,14143.01101,14934.32696,14030.16315,14289.59509,13870.38991,13480.14822,,,,,,,,
Eswatini,SWZ,Consommation d’électricité (KWh par habitant),EG.USE.ELEC.KH.PC,,,,,,,,,,,,,,,,,,,,,,,
Sint Maarten (Dutch part),SXM,Consommation d’électricité (KWh par habitant),EG.USE.ELEC.KH.PC,,,,,,,,,,,,,,,,,,,,,,,
Seychelles,SYC,Consommation d’électricité (KWh par habitant),EG.USE.ELEC.KH.PC,,,,,,,,,,,,,,,,,,,,,,,
République arabe syrienne,SYR,Consommation d’électricité (KWh par habitant),EG.USE.ELEC.KH.PC,1071.644027,1146.823268,1227.859136,1279.799239,1377.736693,1479.96425,1508.387527,1478.964044,1500.18215,1472.152661,1744.012988,1551.423793,1233.191261,973.5380658,908.4689735,,,,,,,,
Îles Turques-et-Caïques,TCA,Consommation d’électricité (KWh par habitant),EG.USE.ELEC.KH.PC,,,,,,,,,,,,,,,,,,,,,,,
Tchad,TCD,Consommation d’électricité (KWh par habitant),EG.USE.ELEC.KH.PC,,,,,,,,,,,,,,,,,,,,,,,
Asie de l’Est et Pacifique (BIRD et IDA),TEA,Consommation d’électricité (KWh par habitant),EG.USE.ELEC.KH.PC,876.2124393,942.1070365,1033.268163,1172.832051,1330.703166,1476.014187,1665.420621,1877.665408,1967.004547,2097.284263,2348.340485,2598.245608,2735.040522,2948.927674,3064.325218,,,,,,,,
Europe et Asie centrale (BIRD et IDA),TEC,Consommation d’électricité (KWh par habitant),EG.USE.ELEC.KH.PC,3332.619113,3373.222781,3390.608991,3513.540265,3614.181467,3699.614757,3881.623479,3991.556125,4063.469089,3854.256287,4064.617496,4162.675976,4225.101013,4194.104051,4219.751175,,,,,,,,
Togo,TGO,Consommation d’électricité (KWh par habitant),EG.USE.ELEC.KH.PC,93.64950525,97.36803134,94.66939365,101.2728092,105.476551,107.5005817,106.3967424,100.2060839,102.5314336,121.2760744,121.274739,131.7296203,141.1941007,141.2844984,151.4739278,,,,,,,,
Thaïlande,THA,Consommation d’électricité (KWh par habitant),EG.USE.ELEC.KH.PC,1445.456005,1502.139234,1613.700353,1707.61343,1818.402691,1903.014462,1989.926798,2060.177874,2080.508893,2071.809904,2271.449967,2244.049097,2396.936606,2462.926749,2483.557147,,,,,,,,
Tadjikistan,TJK,Consommation d’électricité (KWh par habitant),EG.USE.ELEC.KH.PC,2142.037986,2113.028784,2102.952495,2096.667932,2116.095915,2106.176159,2096.942833,2036.895322,1916.548105,1884.557687,1869.773448,1790.921536,1743.00329,1676.742525,1486.245831,,,,,,,,
Turkménistan,TKM,Consommation d’électricité (KWh par habitant),EG.USE.ELEC.KH.PC,1672.527736,1755.519953,1742.723083,1708.346396,1867.507975,1996.612615,2054.085675,2184.921712,2241.924298,2274.869295,2300.31682,2328.005968,2343.972409,2452.296229,2585.662543,,,,,,,,
Amérique latine et Caraïbes (BIRD et IDA),TLA,Consommation d’électricité (KWh par habitant),EG.USE.ELEC.KH.PC,1607.392272,1574.027766,1599.699998,1675.223827,1710.875876,1765.763978,1813.018861,1874.73892,1929.707518,1910.153512,2004.281922,2095.545202,2148.196662,2169.106045,2174.09136,,,,,,,,
Timor-Leste,TLS,Consommation d’électricité (KWh par habitant),EG.USE.ELEC.KH.PC,,,,,,,,,,,,,,,,,,,,,,,
Afrique du Nord et Moyen-Orient (BIRD et IDA),TMN,Consommation d’électricité (KWh par habitant),EG.USE.ELEC.KH.PC,1037.786425,1085.058857,1144.59042,1190.231636,1256.341776,1280.326304,1352.472798,1385.593739,1420.324763,1452.791423,1576.463188,1601.92902,1591.529641,1621.643888,1642.158273,,,,,,,,
Tonga,TON,Consommation d’électricité (KWh par habitant),EG.USE.ELEC.KH.PC,,,,,,,,,,,,,,,,,,,,,,,
Asie du Sud (BIRD et IDA),TSA,Consommation d’électricité (KWh par habitant),EG.USE.ELEC.KH.PC,351.8135316,352.9281204,366.8811309,385.1229908,406.5585354,423.9543976,459.7910642,485.2104782,496.458846,528.3667745,562.9528462,606.5608665,627.4785004,663.3339181,694.2292034,,,,,,,,
Afrique subsaharienne (BIRD et IDA),TSS,Consommation d’électricité (KWh par habitant),EG.USE.ELEC.KH.PC,510.2122991,488.8425443,509.3349092,508.3716795,516.162452,520.3755564,524.9774138,534.2468703,510.7918589,488.1930875,502.7058851,506.8491142,491.8295924,486.7079304,481.6401028,,,,,,,,
Trinité-et-Tobago,TTO,Consommation d’électricité (KWh par habitant),EG.USE.ELEC.KH.PC,3798.219941,3896.704461,3875.289384,4525.144287,4453.515059,4871.172142,5022.808168,5359.382638,5389.850539,5389.700619,5828.563649,6006.253433,6217.242028,6434.936758,6661.101388,,,,,,,,
Tunisie,TUN,Consommation d’électricité (KWh par habitant),EG.USE.ELEC.KH.PC,958.2227031,1014.494769,1042.541622,969.3148717,1007.459514,1054.162242,1077.782944,1121.035651,1159.322047,1243.543514,1332.438371,1288.190703,1367.592287,1382.089158,1408.091103,,,,,,,,
Turquie,TUR,Consommation d’électricité (KWh par habitant),EG.USE.ELEC.KH.PC,1630.232687,1591.190856,1646.055475,1751.214012,1870.234709,1990.401969,2152.631186,2318.087438,2392.06763,2285.711865,2462.069138,2668.527916,2746.002026,2732.209574,2815.044993,,,,,,,,
Tuvalu,TUV,Consommation d’électricité (KWh par habitant),EG.USE.ELEC.KH.PC,,,,,,,,,,,,,,,,,,,,,,,
Tanzanie,TZA,Consommation d’électricité (KWh par habitant),EG.USE.ELEC.KH.PC,57.45174692,61.0767311,66.37594571,66.32038995,77.76151323,77.61253596,63.72951743,79.75262161,84.29963795,70.97694971,94.98891467,85.94013564,96.30408083,98.67290426,101.9393027,,,,,,,,
Ouganda,UGA,Consommation d’électricité (KWh par habitant),EG.USE.ELEC.KH.PC,,,,,,,,,,,,,,,,,,,,,,,
Ukraine,UKR,Consommation d’électricité (KWh par habitant),EG.USE.ELEC.KH.PC,2778.400252,2791.765305,2844.812724,2997.974461,3151.145969,3246.034284,3399.519695,3528.92445,3534.357992,3227.953261,3549.844551,3662.444428,3640.553483,3600.225704,3418.569317,,,,,,,,
"Revenu intermédiaire, tranche supérieure",UMC,Consommation d’électricité (KWh par habitant),EG.USE.ELEC.KH.PC,1479.929726,1519.057027,1596.99378,1727.469381,1863.933844,1990.409819,2167.834501,2352.75817,2433.782898,2494.257333,2728.919995,2944.497663,3056.063388,3214.580965,3304.727195,,,,,,,,
Uruguay,URY,Consommation d’électricité (KWh par habitant),EG.USE.ELEC.KH.PC,2048.159542,2016.092997,2010.621088,1893.237935,1934.938157,2004.421785,2226.782675,2421.401342,2597.623711,2674.51638,2821.349434,2828.383909,2953.309763,3008.712935,3093.173789,,,,,,,,
États-Unis,USA,Consommation d’électricité (KWh par habitant),EG.USE.ELEC.KH.PC,13671.05202,13046.61415,13296.1823,13307.49201,13388.58971,13704.57705,13583.26696,13657.45283,13663.42797,12913.71469,13394.90276,13245.88193,12964.18794,13004.02357,12993.96558,,,,,,,,
Ouzbékistan,UZB,Consommation d’électricité (KWh par habitant),EG.USE.ELEC.KH.PC,1780.457924,1769.396081,1775.809844,1764.456256,1765.480285,1717.201055,1755.759629,1664.061337,1652.65101,1643.149881,1653.467496,1631.526207,1610.807906,1637.194477,1645.441629,,,,,,,,
Saint-Vincent-et-les Grenadines,VCT,Consommation d’électricité (KWh par habitant),EG.USE.ELEC.KH.PC,,,,,,,,,,,,,,,,,,,,,,,
Venezuela,VEN,Consommation d’électricité (KWh par habitant),EG.USE.ELEC.KH.PC,2641.915669,2706.730327,2733.456795,2640.909294,2772.150927,2860.910236,2971.432341,2988.726979,3091.913666,3058.575626,3165.068096,3233.313373,3292.113931,3292.711671,2705.604013,,,,,,,,
Îles Vierges britanniques,VGB,Consommation d’électricité (KWh par habitant),EG.USE.ELEC.KH.PC,,,,,,,,,,,,,,,,,,,,,,,
Îles Vierges (EU),VIR,Consommation d’électricité (KWh par habitant),EG.USE.ELEC.KH.PC,,,,,,,,,,,,,,,,,,,,,,,
Viet Nam,VNM,Consommation d’électricité (KWh par habitant),EG.USE.ELEC.KH.PC,289.9198596,330.3148871,381.7351061,437.5899231,488.3780921,574.690835,650.3255439,733.7344875,808.6125112,912.5385367,1028.943584,1109.326311,1213.072693,1283.71444,1431.164341,,,,,,,,
Vanuatu,VUT,Consommation d’électricité (KWh par habitant),EG.USE.ELEC.KH.PC,,,,,,,,,,,,,,,,,,,,,,,
Monde,WLD,Consommation d’électricité (KWh par habitant),EG.USE.ELEC.KH.PC,2375.005486,2367.466447,2421.223566,2485.887563,2562.836432,2639.814553,2715.418501,2804.15003,2825.098184,2775.778978,2938.400837,3002.375864,3026.054815,3084.290085,3104.975305,,,,,,,,
Samoa,WSM,Consommation d’électricité (KWh par habitant),EG.USE.ELEC.KH.PC,,,,,,,,,,,,,,,,,,,,,,,
Kosovo,XKX,Consommation d’électricité (KWh par habitant),EG.USE.ELEC.KH.PC,1557.058824,1968.075789,1953.815697,1908.461924,2111.318521,2169.095663,2225.018842,2395.863861,2644.526129,2558.084877,2649.689133,2946.957007,2859.821173,2917.304002,2818.337231,,,,,,,,
"Yémen, Rép. du",YEM,Consommation d’électricité (KWh par habitant),EG.USE.ELEC.KH.PC,133.3963186,137.9583635,145.6716621,155.7794498,163.4077874,173.2121846,182.5979052,198.5289162,215.9543545,212.6961056,238.4825767,181.1144071,180.8690569,233.8793186,204.5161902,,,,,,,,
Afrique du Sud,ZAF,Consommation d’électricité (KWh par habitant),EG.USE.ELEC.KH.PC,4399.393967,4151.052026,4385.278235,4428.504645,4470.378174,4529.414982,4626.305844,4766.652371,4592.628711,4368.117984,4492.77503,4528.050043,4340.367989,4270.810409,4183.82749,,,,,,,,
Zambie,ZMB,Consommation d’électricité (KWh par habitant),EG.USE.ELEC.KH.PC,629.2502701,649.0407541,672.5163951,689.0587382,707.362505,710.1679483,716.4475628,669.5654831,589.3581295,564.0449713,582.580474,620.9950585,719.3113601,731.9342019,701.940863,,,,,,,,
Zimbabwe,ZWE,Consommation d’électricité (KWh par habitant),EG.USE.ELEC.KH.PC,901.4188475,872.9761737,876.121143,872.8179964,845.8268772,881.0811965,859.5765456,748.3192735,619.3454253,578.3998341,599.9328181,629.8276841,601.8696405,619.2356092,597.2970217,,,,,,,,
