"","Pays","Code_Pays","Esperance_total","Pib_hbt","Cho","Nut","Alcool","Bed","Dep","Med","Water","ocde","OCDE"
"3","Afghanistan","AFG",64.486,516.747870807558,11.1520004272461,24,0.21,0.42,14.12674332,0.2365,25.94051208,"0",0
"4","","AFW",57.7623467867763,1709.76412923861,6.04109241959404,11.499541126251,6.83834753357991,0.42,3.38350079245131,0.218449807529591,23.1525341876372,"0",0
"5","Angola","AGO",60.782,1631.43169087951,7.4210000038147,15.7,6.94,0.42,2.54010224,0.218449807529591,23.1525341876372,"0",0
"6","Albanie","ALB",78.458,5332.16047456847,12.3000001907349,4.6,7.17,3.12,5.23207188,1.2347,70.65335019,"0",0
"7","Andorre","AND",78.458,37416.6977203275,12.3000001907349,4.6,11.02,2.6,6.75162506,1.2347,90.64000112,"0",0
"8","Le monde arabe","ARB",71.8070751075422,5724.28687023385,10.5023355572556,11.6772000601507,0.604528965305892,1.65744463949996,5.05045217893515,1.2347,90.64000112,"0",0
"9","Émirats arabes unis","ARE",77.814,36284.5552429552,2.35199999809265,6.2,3.9,1.88,4.14545679,1.4195,90.64000112,"0",0
"10","Argentine","ARG",76.52,8585.69474249794,9.22000026702881,3.4,9.65,1.88,9.66646481,1.4195,90.64000112,"0",0
"11","Arménie","ARM",74.945,4266.01807420946,18.9699993133545,2.9,5.55,4.42,10.00543404,2.8419,85.92295741,"0",0
"12","Samoa américaines","ASM",74.945,12844.9009909959,18.9699993133545,2.9,5.55,4.42,10.00543404,2.8419,98.36197279,"1",1
"13","Antigua-et-Barbuda","ATG",76.885,13992.7444804497,18.9699993133545,2.9,6.38,2.4,4.85093021,2.8419,98.36197279,"0",0
"14","Australie","AUS",82.7487804878049,51680.3165229438,5.30000019073486,2.5,10.51,3.93,9.1550045,3.3429,98.36197279,"1",1
"15","Autriche","AUT",81.6926829268293,48588.6593847921,4.84999990463257,2.5,11.96,7.66,10.31750679,4.8016,98.90447548,"1",1
"16","Azerbaïdjan","AZE",72.864,4229.91064904503,4.90000009536743,2.5,4.41,7.94,3.55621028,3.6629,87.08107236,"0",0
"17","Burundi","BDI",61.247,233.837510306669,1.58700001239777,2.5,7.19,0.7,8.2447691,0.0482,87.08107236,"0",0
"18","Belgique","BEL",81.5951219512195,45189.3669003126,5.94999980926514,2.5,11.08,6.35,10.76469994,2.9085,99.8642388,"1",1
"19","Bénin","BEN",61.47,1291.04097215441,1.47000002861023,8.1,2.81,6.35,2.50416446,0.0558,99.8642388,"0",0
"20","Burkina Faso","BFA",61.174,857.932729650223,4.69000005722046,12.7,12.03,0.9,4.90988731,0.0457,99.8642388,"0",0
"21","Bangladesh","BGD",72.32,2270.34753479166,4.41300010681152,11.5,0.019,0.9,2.50803041,0.3635,57.59065733,"0",0
"22","Bulgarie","BGR",74.9634146341464,10079.2033812203,5.21000003814697,2.8,12.65,6.28,7.3434248,3.7661,97.46948892,"0",0
"23","Bahreïn","BHR",77.163,20406.5023256629,1.20099997520447,2.8,1.09,2.74,4.14378214,0.9493,98.98326213,"0",0
"24","Bahamas","BHS",73.752,24665.0968345675,10,2.8,4.78,3.2,5.92999935,0.9493,98.98326213,"0",0
"25","Bosnie-Herzégovine","BIH",77.262,6082.36673041923,18.3999996185303,2.5,7.15,3.32,8.89146042,1.7987,88.85069593,"0",0
"26","Bélarus","BLR",74.1756097560976,6555.42681826316,4.76000022888184,2.5,11.45,11.18,5.52699471,3.2498,94.56172932,"0",0
"27","Belize","BLZ",74.496,3987.79659612067,6.64400005340576,6.7,6.22,1.3,5.81922674,3.2498,94.56172932,"0",0
"28","Bermudes","BMU",81.6517073170732,107706.039785266,6.64400005340576,6.7,6.22,1.3,5.81922674,3.2498,94.56172932,"1",1
"29","Bolivie","BOL",71.239,3137.98961744018,3.51999998092651,12.1,4.43,1.1,6.64209032,0.4385,94.56172932,"0",0
"30","Brésil","BRA",75.672,6814.87563196772,12.3299999237061,2.5,7.42,2.48,9.46475124,1.8139,84.2947419,"0",0
"31","Barbade","BRB",79.081,16318.7481052701,8.31999969482422,4.1,9.69,6.6,6.56259155,1.8139,84.2947419,"0",0
"32","Brunéi Darussalam","BRN",75.722,27442.95382794,8.69999980926514,5.8,0.48,2.79,2.41289377,1.4488,84.2947419,"0",0
"33","Bhoutan","BTN",71.46,3000.77798595652,2.44400000572205,5.8,0.43,1.7,3.2427721,1.4488,36.32677797,"0",0
"34","Botswana","BWA",69.275,6348.83231765626,22.0709991455078,21.5,6.59,1.7,5.96867228,0.4122,36.32677797,"0",0
"35","République centrafricaine","CAF",52.805,481.746296629034,5.60500001907349,46.8,2.38,1.2,10.99530983,0.4122,6.385207015,"0",0
"36","Canada","CAN",82.0487804878049,43258.2638715601,5.82999992370605,2.5,8.94,3.02,10.80637455,2.0384,98.98362633,"1",1
"37","Europe centrale et les pays baltes","CEB",76.9768226818402,16197.2993493424,4.31640738540508,2.59492039722738,11.9322293833268,6.7339566956929,6.57351845359519,2.73073351522987,94.0453601369443,"0",0
"38","Suisse","CHE",83.7536585365854,87100.4148213751,4.71000003814697,2.5,11.53,5.39,11.37997055,3.8166,94.24815119,"1",1
"39","Îles Anglo-Normandes","CHI",82.928,87100.4148213751,6.57399988174438,2.5,11.53,5.39,11.37997055,3.8166,94.24815119,"0",0
"40","Chili","CHL",80.042,13220.5707580419,7.23000001907349,2.7,9.07,2.33,9.15850449,2.8665,98.77136341,"1",1
"41","Chine","CHN",76.704,10408.6697561349,4.28000020980835,2.5,7.05,1.91,5.16790485,1.4334,98.77136341,"0",0
"42","Côte d'Ivoire","CIV",57.422,2325.72370502247,3.29299998283386,5.2,2.71,0.4,3.11891103,1.4334,35.0764616,"0",0
"43","Cameroun","CMR",58.921,1537.13021832773,3.61700010299683,6.9,5.65,1.5,3.46510625,0.0842,35.0764616,"0",0
"44","Congo, République démocratique du","COD",60.368,543.950392515803,4.45100021362305,36.3,2,0.8,3.30249262,0.0842,17.87984806,"0",0
"45","Congo, République du","COG",64.29,1899.77823742106,20.6140003204346,29.3,9.27,0.8,1.93649173,0.1156,45.53563933,"0",0
"46","Colombie","COL",77.109,5312.19855554985,9.10999965667725,6.2,5.74,1,7.62541389,1.6493,72.88915478,"1",1
"47","Comores","COM",64.118,1407.40927043446,8.07900047302246,6.2,0.69,2.2,4.90244007,1.6493,72.88915478,"0",0
"48","Cabo Verde","CPV",72.782,3064.27238842819,12.1700000762939,15.4,5.6,2.2,5.26637983,0.5928,72.88915478,"0",0
"49","Costa Rica","CRI",80.095,12201.9260332666,9.63000011444092,3.2,4.87,1.32,7.29572248,2.3057,80.52559024,"1",1
"50","Petits états des Caraïbes","CSS",73.6371062810432,8857.87092186091,8.70936959479723,7.2072055285103,5.88560736227813,2.56390923544362,6.15692187007006,0.911677956433706,80.52559024,"0",0
"51","Cuba","CUB",78.726,9477.85287326771,1.70000004768372,2.5,5.83,4.9,11.18745422,6.8152,80.52559024,"0",0
"52","Curacao","CUW",78.726,16109.8616665506,1.70000004768372,2.5,5.83,4.9,11.18745422,6.8152,80.52559024,"0",0
"53","Îles Caïmans","CYM",78.726,85346.7619526658,1.70000004768372,2.5,5.83,4.9,11.18745422,6.8152,80.52559024,"1",1
"54","Chypre","CYP",80.828,27681.56640625,8.36999988555908,2.5,10.81,3.8,6.77018547,2.1562,99.76518389,"0",0
"55","République tchèque","CZE",79.0292682926829,22933.4995909236,2.24000000953674,2.5,14.45,7.45,7.52479792,3.5743,97.88166401,"1",1
"56","Allemagne","DEU",80.8926829268293,46252.6893044892,3.38000011444092,2.5,12.91,8.3,11.45038891,3.7567,99.99302315,"1",1
"57","Djibouti","DJI",66.582,3219.70112779347,26.1889991760254,13.1,0.43,1.61,2.26254249,3.7567,99.99302315,"0",0
"58","Dominique","DMA",66.582,7003.85902147233,26.1889991760254,5.7,11.18,1.61,6.47454262,3.7567,99.99302315,"0",0
"59","Danemark","DNK",80.9536585365854,61063.3164304238,5.13000011444092,2.5,10.26,3.79,10.0707159,3.7211,96.73338393,"1",1
"60","République dominicaine","DOM",73.892,7268.1969096591,5.8600001335144,6.1,6.68,3.79,5.73288918,3.7211,96.73338393,"0",0
"61","Algérie","DZA",76.693,3306.85820838104,10.4200000762939,2.5,0.95,3.79,6.16302586,3.7211,73.87983297,"0",0
"62","Asie de l’Est et Pacifique (hors revenu élevé)","EAP",75.2176631582702,8270.4551375631,3.79205498854325,4.14167229890326,6.19167884538831,1.87006111636362,4.91596292842127,1.1901265084639,73.87983297,"0",0
"63","de dividende précoce démographique","EAR",70.4832383376349,3253.71345552774,5.6367330134365,10.8606893545824,3.88583313964487,0.942885530684248,4.82711023818382,0.869708468929522,73.87983297,"0",0
"64","Asie de l’Est et Pacifique","EAS",76.0725154861572,11483.599313849,3.733398635164,3.98903562147764,6.4286001314931,2.90238641955091,6.5109886011915,1.29377783292486,73.87983297,"0",0
"65","Europe et Asie centrale (hors revenu élevé)","ECA",73.6000333576392,7435.16074761498,7.08039480694142,2.66238332720814,7.45891175246878,7.63596727126211,5.15125079549805,4.36375131586807,77.7955723343882,"0",0
"66","Europe et Asie centrale","ECS",77.9092530428108,23981.0220068683,6.8965054020934,2.57738961393914,9.75670954194599,6.5225705938775,9.27801444037461,4.47083950015188,91.5686662683315,"0",0
"67","Équateur","ECU",76.8,5627.77227986528,3.52999997138977,11.6,4.2,6.5225705938775,7.86490965,2.1111,66.3946973,"0",0
"68","Égypte, République arabe d’","EGY",71.825,3569.20684121108,9.81999969482422,4.9,0.36,2.2,4.947577,2.1111,66.3946973,"0",0
"69","Zone euro","EMU",82.0495811667699,38012.6672881035,8.17031449687859,2.52229808142321,11.4023160147971,5.94913291963246,10.1537848043943,4.97242093966224,98.7305537071412,"0",0
"70","Érythrée","ERI",65.941,38012.6672881035,5.94700002670288,2.52229808142321,1.44,1.2,4.12821102,4.97242093966224,98.7305537071412,"0",0
"71","Espagne","ESP",83.4317073170732,27056.4217512166,15.25,2.5,12.72,3.29,8.99036121,3.7296,99.58196193,"1",1
"72","Estonie","EST",78.2439024390244,23054.3584905978,5.36999988555908,2.5,9.23,5.55,6.68642807,3.2422,95.80988512,"1",1
"73","Éthiopie","ETH",66.24,936.45075756247,2.31800007820129,18.2,2.36,0.2,3.30818701,3.2422,11.48156823,"0",0
"74","Union européenne","EUU",81.0270235057671,34191.8282529314,7.26666027381046,2.52177816372032,11.4444710310916,6.02699422069996,9.8663728052914,4.45494122923723,97.7295945375942,"0",0
"75","Fragile et les situations de conflit touchées","FCS",62.493551863675,1743.36711268666,6.55300352892517,18.4598913053695,4.62679184964406,6.02699422069996,4.59521155326483,0.513431398651336,30.0182321144154,"0",0
"76","Finlande","FIN",81.7341463414634,49160.8371522596,7.3600001335144,2.5,10.78,6.99,9.03608513,3.2653,99.63454675,"1",1
"77","Fidji","FJI",67.341,5102.84392924983,4.33300018310547,5.5,3.32,6.99,3.42045617,3.2653,99.63454675,"0",0
"78","France","FRA",82.6756097560976,39037.1226309074,9.02000045776367,2.5,12.33,7.11,11.18583012,6.5029,99.24882793,"1",1
"79","Îles Féroé","FRO",82.5439024390244,66320.6791976778,9.02000045776367,2.5,12.33,7.11,11.18583012,6.5029,99.24882793,"1",1
"80","Micronésie, États fédérés de","FSM",67.755,3542.96978797168,9.02000045776367,2.5,2.48,3.31,11.70362568,6.5029,99.24882793,"0",0
"81","Gabon","GAB",66.187,6881.71422533521,20.7490005493164,17,8.74,2,2.74500299,6.5029,99.24882793,"0",0
"82","Royaume-Uni","GBR",81.2560975609756,41098.0786527828,4,2.5,11.45,3.54,9.90384102,5.2462,99.82247997,"1",1
"83","Géorgie","GEO",73.6,4255.74299321254,12.6700000762939,7.8,8.25,3.74,7.11329746,4.4466,65.89216553,"1",1
"84","Ghana","GHA",63.78,2254.15388897604,4.27600002288818,6.2,2.75,3.74,3.48865867,0.0938,38.00904834,"0",0
"85","Gibraltar","GIB",63.78,2254.15388897604,4.27600002288818,6.2,2.75,3.74,3.48865867,0.0938,100,"1",1
"86","Guinée","GIN",61.185,1078.95000622281,4.98299980163574,6.2,1.11,3.74,3.63913226,0.0938,100,"0",0
"87","Gambie","GMB",61.735,757.413111611389,9.47599983215332,13.1,3.55,3.74,4.8878727,0.0938,42.80218273,"0",0
"88","Guinée-Bissau","GNB",58.003,727.520171719562,5.98199987411499,13.1,5.38,3.74,7.62560892,0.0938,23.65360864,"0",0
"89","Guinée équatoriale","GNQ",58.402,7198.33588370688,8.62399959564209,13.1,7.23,3.74,3.06170225,0.0938,23.65360864,"0",0
"90","Grèce","GRC",81.7878048780488,17647.2326882744,19.2900009155273,2.5,10.18,4.87,7.95876884,5.8812,100.0000023,"1",1
"91","Grenade","GRD",72.384,9273.19929177393,19.2900009155273,2.5,9.48,4.87,4.57647324,5.8812,100.0000023,"0",0
"92","Groenland","GRL",71.8865853658537,54570.3750190141,19.2900009155273,2.5,9.48,4.87,4.57647324,5.8812,96.74502725,"1",1
"93","Guatemala","GTM",74.063,4603.33964340645,2.27999997138977,16.2,2.45,4.87,6.12415409,5.8812,55.30162493,"0",0
"94","Guam","GUM",79.859,34624.3401290414,5.55900001525879,16.2,2.45,4.87,6.12415409,5.8812,99.43870743,"1",1
"95","Guyana","GUY",69.774,6955.93921717789,14.0200004577637,5.4,6.89,2.5,4.90492487,0.6872,99.43870743,"0",0
"96","Revenu élevé","HIC",80.6904609791548,43282.4234611717,5.07192910331805,2.61976925247757,9.80297574779877,5.68388149566724,12.2921630481505,3.70757160023459,97.4723468078104,"0",0
"97","Chine, RAS de Hong Kong","HKG",84.9341463414634,46100.975872923,2.8199999332428,2.5,9.80297574779877,5.68388149566724,12.2921630481505,3.70757160023459,100,"0",0
"98","Honduras","HND",75.088,2405.73284775141,5.65000009536743,13.1,3.76,5.68388149566724,7.21891975,0.295,100,"0",0
"99","Pays pauvres très endettés (PPTE)","HPC",63.1349911561301,975.474261768968,4.68650317219983,22.1110740765405,4.0661977718428,0.747425658309098,4.66305448330203,0.108157267909158,100,"0",0
"100","Croatie","HRV",78.0707317073171,14132.4865609499,8.43000030517578,2.5,9.23,5.62,6.78430557,2.8428,100,"0",0
"101","Haïti","HTI",63.66,1272.36799204205,13.8599996566772,45.4,2.73,5.62,4.57474232,2.8428,100,"0",0
"102","Hongrie","HUN",76.0658536585366,16075.9732662505,3.71000003814697,2.5,11.35,7.98,6.54620171,2.8896,92.55903291,"1",1
"103","BIRD seulement","IBD",73.4123304298144,6176.40377048976,5.62580707153224,6.85354253636736,5.96457851321397,2.04170879918659,5.41096783143286,1.43625611653608,92.55903291,"0",0
"104","BIRD et IDA","IBT",71.0810991683187,4925.38124212598,5.4688025938703,9.17340720773493,5.47930793511509,1.94676364237608,5.30372930225961,1.17990773948726,92.55903291,"0",0
"105","IDA totale","IDA",64.2486761969651,1365.04784292945,4.92031561474684,16.7308191548702,3.69050028361667,1.94676364237608,3.84102081630519,0.389520621809195,31.5548823719592,"0",0
"106","IDA mélange","IDB",62.1618673864433,1740.60380824477,5.79206675459111,12.2896210647715,4.66609923644529,1.94676364237608,3.52864716539462,0.640454302111787,31.0398982419291,"0",0
"107","Indonésie","IDN",71.509,3870.55761979249,4.40000009536743,5.9,0.57,1.94676364237608,2.86757827,0.243,31.0398982419291,"0",0
"108","IDA seulement","IDX",65.3053098277412,1175.58660508453,4.53595143864725,19.277923568564,3.19545205372569,1.94676364237608,4.12165330965465,0.254794634944046,31.0398982419291,"0",0
"109","Île de Man","IMN",65.3053098277412,1175.58660508453,4.53595143864725,19.277923568564,3.19545205372569,1.58474325890611,4.12165330965465,1.449,97.20756495,"1",1
"110","Inde","IND",69.416,1933.1010689481,5.32999992370605,13.3,5.54,0.42,2.95175385,0.6858,97.20756495,"0",0
"111","Non classifié","INX",69.416,1933.1010689481,5.32999992370605,13.3,5.54,0.42,2.95175385,0.6858,97.20756495,"0",0
"112","Irlande","IRL",82.2048780487805,85422.5428682266,5.73999977111816,2.5,12.88,5.26,6.86017275,4.1326,97.33387767,"1",1
"113","Iran, République islamique d’","IRN",76.479,2756.74997687567,12.1899995803833,5.2,1.03,1.72,8.4627676,4.1326,93.69683569,"0",0
"114","Iraq","IRQ",70.454,4583.7474936713,12.9659996032715,18.1,0.39,1.3,4.24407291,0.6636,58.87657478,"0",0
"115","Islande","ISL",82.8609756097561,59264.0340913145,2.70000004768372,2.5,9.12,5.3391,8.44292068,3.5654,99.99999943,"1",1
"116","Israël","ISR",82.8024390243903,44177.5712248445,4,2.5,4.21,3.4,7.53235054,6.9675,99.40343803,"1",1
"117","Italie","ITA",83.3463414634146,31834.9726184046,10.6099996566772,2.5,7.84,3.99,8.67509365,7.632,95.82368779,"1",1
"118","Jamaïque","JAM",74.368,4664.53024222133,9.10000038146973,8.1,4.22,2,5.96785641,7.632,95.82368779,"0",0
"119","Jordanie","JOR",74.405,4282.76582461621,18.2700004577637,11.2,0.69,1.9,7.78079128,2.2326,81.37310016,"0",0
"120","Japon","JPN",84.2109756097561,39918.1675583443,2.40000009536743,2.5,7.96,13.97,10.74838829,2.2059,98.51793203,"1",1
"121","Kazakhstan","KAZ",73.15,9121.63713797145,4.84999990463257,2.5,4.76,7.78,2.8178606,3.9278,89.30981997,"0",0
"122","Kenya","KEN",66.342,1872.12402649219,4.24900007247925,24.7,2.78,1.4,4.30564117,0.1696,89.30981997,"0",0
"123","République kirghize","KGZ",71.4,1182.52170043018,6.88600015640259,5.4,6.26,5.09,5.01030922,2.3394,68.83535346,"0",0
"124","Cambodge","KHM",69.57,1547.51138764424,0.14300000667572,6.6,6.64,5.09,6.18275642,0.2302,26.5969441,"0",0
"125","Kiribati","KIR",68.116,1514.59105909467,0.14300000667572,3.9,0.46,5.09,11.6983633,0.3984,14.14292547,"0",0
"126","Saint-Kitts-et-Nevis","KNA",68.116,18440.8536789158,0.14300000667572,3.9,8.94,5.09,5.21287775,0.3984,14.14292547,"0",0
"127","Corée, République de","KOR",82.6268292682927,31597.5046490718,3.8199999332428,2.5,9.7,6.48,7.54388428,1.9839,98.98014475,"0",0
"128","Koweït","KWT",75.398,24811.7697100231,2.16499996185303,2.5,0.003,1.9,5.09953451,2.4296,100,"0",0
"129","Amérique latine et Caraïbes (hors revenu élevé)","LAC",75.4015407258583,6765.53277629677,8.04721451807999,6.18366406440496,6.33153826868958,1.86802688019688,7.87465169861551,2.22726006875367,67.3616417235621,"0",0
"130","République démocratique populaire lao","LAO",67.61,2608.98283307549,0.827000021934509,5.3,10.72,1.86802688019688,2.24630332,2.22726006875367,17.16016924,"0",0
"131","Liban","LBN",78.875,3801.79274268223,10.7959995269775,7.1,1.71,3.6,8.67463875,2.3385,47.54217105,"0",0
"132","Libéria","LBR",63.73,601.063005802862,3.02999997138977,37.5,6.12,3.6,9.03880787,0.0231,47.54217105,"0",0
"133","Libye","LBY",72.724,7614.32544908885,19.4549999237061,37.5,0.019,3.7,9.03880787,0.0231,47.54217105,"0",0
"134","Sainte-Lucie","LCA",76.057,8804.56108865238,19.0799999237061,37.5,10.6,2.9,4.41556692,1.6485,47.54217105,"0",0
"135","Amérique latine et Caraïbes","LCN",75.4408494044772,7270.70358438419,7.87381476809388,6.81102591219443,6.33587074858038,1.90548248863162,7.93991681377232,2.25245651530147,75.3278803628837,"0",0
"136","Pays les moins avancés: classement de l’ONU","LDC",65.038269357477,1099.20156053236,4.55289735359831,20.1974630951152,3.33708555148202,1.90548248863162,3.92226118831942,0.192865000009031,75.3278803628837,"0",0
"137","Faible revenu","LIC",63.3907771004242,703.733845480583,5.09275662337108,27.5663288827429,3.26085897882547,0.704178723897067,5.02661898404678,0.333508626553062,27.1390178038755,"0",0
"138","Liechtenstein","LIE",83.0414634146342,703.733845480583,5.09275662337108,27.5663288827429,3.26085897882547,0.704178723897067,5.02661898404678,0.333508626553062,100,"0",0
"139","Sri Lanka","LKA",76.812,3694.0409479198,4.32000017166138,4.1,4.1,0.704178723897067,3.91227865,0.7239,100,"0",0
"140","Revenu intermédiaire, tranche inférieure","LMC",68.9190229482207,2285.71110749433,5.21229527474947,10.8109684060243,4.42111584210408,1.16360073458865,3.82862441792289,0.660289986263576,58.717814146632,"0",0
"141","Revenu faible et intermédiaire","LMY",71.0039497710484,4759.77608177317,5.46236832021895,9.32902794543735,5.39514435916116,1.88312266056832,5.24892285639315,1.18151404280368,58.717814146632,"0",0
"142","Lesotho","LSO",53.705,1050.63163365737,22.8129997253418,28.7,4.59,1.3,10.90125179,0.0692,26.74256044,"0",0
"143","de dividende tardif démographique","LTE",76.2276557948749,9699.0893745314,5.0094034631291,3.49744999415621,7.25171805949413,2.89309574250558,5.63399204765958,1.89078253783443,26.74256044,"0",0
"144","Lituanie","LTU",75.6804878048781,20232.3020358588,6.15000009536743,2.5,13.22,7.16,6.53385353,3.9138,94.87325365,"1",1
"145","Luxembourg","LUX",82.2951219512195,116356.158037286,5.59000015258789,2.5,12.94,5.65,5.28587103,2.7683,99.44395014,"1",1
"146","Lettonie","LVA",74.7829268292683,17703.9534432332,7.40999984741211,2.5,12.77,7.85,6.19103575,3.0757,95.77542511,"1",1
"147","Région administrative spéciale de Macao, Chine","MAC",84.118,39403.1359073362,1.83000004291534,4.7,12.77,7.85,6.19103575,3.0757,99.97833333,"0",0
"148","Saint-Martin (fr)","MAF",79.8219512195122,39403.1359073362,1.83000004291534,4.7,12.77,7.85,6.19103575,3.0757,96.69941699,"0",0
"149","Maroc","MAR",76.453,3058.69165039063,9.26500034332275,3.8,0.69,0.87,5.33230448,3.0757,76.79333996,"0",0
"150","Monaco","MCO",76.453,173688.189360292,9.26500034332275,3.8,0.69,0.87,1.59628761,3.0757,100,"0",0
"151","Moldova","MDA",71.808,4525.75965363511,4.1100001335144,3.8,11.43,6.27,6.58753443,2.3808,73.42123002,"0",0
"152","Madagascar","MDG",66.681,477.613041384398,1.84300005435944,44.3,1.97,6.27,4.19787312,0.1953,19.18138913,"0",0
"153","Maldives","MDV",78.627,6924.10574465625,5.61899995803833,44.3,2.22,6.27,7.65245056,1.4356,19.18138913,"0",0
"154","Afrique du Nord et Moyen-Orient","MEA",74.0888330897789,6688.08727950427,9.88214245803812,8.59961993984704,0.798586107570296,1.8134491505597,5.69548427420078,1.4356,78.0150705198008,"0",0
"155","Mexique","MEX",74.992,8431.66501744762,3.27999997138977,6,5,1.02,5.37870932,3.9972,42.84912192,"1",1
"156","Îles Marshall","MHL",74.992,4129.850998412,3.27999997138977,6,5,1.02,17.00218964,0.5674,42.84912192,"0",0
"157","Revenu intermédiaire","MIC",71.8708317568173,5237.02247349621,5.49923686165503,7.68623413299608,5.58259979325035,1.98274891413326,5.25167614176607,1.26667361374137,42.84912192,"0",0
"158","Macédoine du Nord","MKD",76.6487804878049,5846.46589856854,20.7399997711182,2.5,6.16,4.63,6.55475044,2.6759,76.73662649,"0",0
"159","Mali","MLI",58.893,862.453012011092,7.42799997329712,3.4,1.28,4.63,3.73249865,0.1021,76.73662649,"0",0
"160","Malte","MLT",82.4487804878049,28946.4626770412,3.66000008583069,2.5,7.99,7.57,8.81080437,2.153,99.99999913,"0",0
"161","Myanmar","MMR",66.867,1450.66267347182,0.870000004768372,2.6,5.12,0.6,4.89992142,0.5224,55.97331085,"0",0
"162","Afrique du Nord et Moyen-Orient (hors revenu élevé)","MNA",73.5873387037914,3190.32509710122,11.6201736870998,9.36245062777261,0.677172520098811,1.71116803311663,6.27614711937889,0.5224,55.97331085,"0",0
"163","Monténégro","MNE",76.8414634146342,7694.6337585059,15.1700000762939,2.5,11.47,4.21,8.34355545,2.0439,84.95357224,"0",0
"164","Mongolie","MNG",69.689,4060.95051770038,5.38000011444092,5.5,8.19,6.4,3.85443377,2.7564,29.33149621,"0",0
"165","Mariannes","MNP",69.689,4060.95051770038,5.38000011444092,5.5,8.19,6.4,3.85443377,2.7564,90.63917526,"0",0
"166","Mozambique","MOZ",60.163,448.843891366822,3.45600008964539,31,2.3,0.8,8.09185696,0.0487,90.63917526,"0",0
"167","Mauritanie","MRT",64.704,1702.48695898248,10.3850002288818,8.6,0.036,0.4,3.57909012,0.1565,90.63917526,"0",0
"168","Maurice","MUS",74.4163414634146,8632.75285872458,6.42999982833862,6,4.35,0.4,5.86705875,1.2019,90.63917526,"0",0
"169","Malawi","MWI",63.798,636.286309590051,5.75799989700317,16.8,3.63,0.4,9.82898998,1.2019,90.63917526,"0",0
"170","Malaisie","MYS",75.997,10412.3476677499,3.29999995231628,2.7,0.85,1.9,3.74833083,1.1691,93.724211,"0",0
"171","Amérique du Nord","NAC",78.9867905089908,61000.8552589461,4.1127505987492,2.5,9.77232311080093,3.16425329886967,16.2312681754331,1.1691,96.916020646318,"0",0
"172","Namibie","NAM",63.373,4157.01950619148,19.8799991607666,20,5.43,3.3,8.31428051,1.1691,96.916020646318,"0",0
"173","Nouvelle-Calédonie","NCL",77.4341463414634,34694.5504017028,14.8470001220703,6.8,5.43,3.3,8.31428051,1.1691,96.18403015,"1",1
"174","Niger","NER",62.024,567.669892261611,0.545000016689301,6.8,0.67,3.3,5.28845072,1.1691,96.18403015,"0",0
"175","Nigéria","NGA",54.332,2097.09247289022,8.45600032806396,10.4,10.84,3.3,3.09069371,1.1691,20.96197137,"0",0
"176","Nicaragua","NIC",74.275,1900.04359427589,5.19999980926514,17.4,5.18,1,8.58646584,0.7278,55.37498401,"0",0
"177","Pays-Bas","NLD",81.8121951219512,52396.0322099525,3.82999992370605,2.5,9.61,4.34,10.0318222,2.9516,99.97440693,"1",1
"178","Norvège","NOR",82.7585365853659,67329.6777910967,3.79999995231628,2.5,7.41,5.03,10.02394581,4.1167,98.79328683,"1",1
"179","Népal","NPL",70.478,1147.47197125836,3.19300007820129,4.3,2.05,5,4.5284524,4.1167,20.75864185,"0",0
"180","Nauru","NRU",70.478,10580.2681883905,3.19300007820129,4.3,3.71,5,8.63223171,1.1,20.75864185,"0",0
"181","Nouvelle-Zélande","NZL",81.8585365853659,41596.5055023403,4.32999992370605,2.5,10.63,5,9.21034622,2.6114,99.52472143,"1",1
"182","Pays membres de l'OCDE","OED",80.1027523665632,38116.4222248183,5.46424987172776,2.97139377249315,9.19004859323473,5.05043989688942,12.3350167417119,3.6164878025178,91.5694852490899,"0",0
"183","Oman","OMN",77.633,14485.3861157973,1.79999995231628,7.9,0.78,2.1,4.10356855,1.9274,89.89309835,"0",0
"184","Autres petits états","OSS",68.548260551348,11792.0664241862,9.92344944340233,14.8959549678897,5.17096990182189,2.1,4.57558612774441,1.02052810618197,89.89309835,"0",0
"185","Pakistan","PAK",67.114,1359.51452156874,4.07999992370605,12.3,0.34,2.1,3.20214486,0.8076,35.68978668,"0",0
"186","Panama","PAN",78.329,12509.8352912602,3.83299994468689,6,7.98,2.3,7.28005838,1.4058,35.68978668,"0",0
"187","Pérou","PER",76.516,6117.49357129272,3.49000000953674,7.6,6.38,2.3,5.19757748,1.4058,50.71340601,"0",0
"188","Philippines","PHL",71.095,3301.21860257673,2.33999991416931,6.2,6.86,1.07,3.95381904,1.2717,47.00240532,"0",0
"189","Palaos","PLW",71.095,14243.8646915764,2.33999991416931,6.2,6.86,5.9,10.84888458,1.6111,91.03763245,"0",0
"190","Papouasie-Nouvelle-Guinée","PNG",64.263,2757.01101864579,2.56399989128113,22.6,1.39,5.9,2.26630354,0.0514,91.03763245,"0",0
"191","Pologne","POL",77.6024390243903,15742.4537256368,3.84999990463257,2.5,11.71,6.47,6.32764196,2.1707,97.76067304,"1",1
"192","de Pré-dividende démographique","PRE",60.8209419966658,1349.15316019379,6.12690082044966,19.8764602279864,5.57380501817385,6.47,3.92083075473397,0.197594296405781,97.76067304,"0",0
"193","Porto Rico","PRI",79.7781951219512,31429.8661176558,9.19999980926514,19.8764602279864,5.57380501817385,6.47,3.92083075473397,0.197594296405781,99.73140446,"1",1
"194","Corée, République démocratique de","PRK",72.095,31429.8661176558,2.62599992752075,42.6,3.8,6.47,3.92083075473397,0.197594296405781,66.46602933,"0",0
"195","Portugal","PRT",81.3243902439024,22194.566114935,6.98999977111816,2.5,12.03,3.48,9.4126482,3.9756,95.3642213,"1",1
"196","Paraguay","PRY",74.131,4967.68721171529,6.21999979019165,7.8,7.58,1.3,6.71837997,3.9756,63.95578552,"0",0
"197","Cisjordanie et Gaza","PSE",73.895,3233.56863835858,26.2600002288818,7.8,7.58,1.3,6.71837997,3.9756,79.04901886,"0",0
"198","Petits états insulaires du Pacifique","PSS",69.9290487994467,3785.50340580673,2.85162667545181,9.98207157339755,2.47881919721802,1.3,4.80658788651487,0.357592216349954,79.04901886,"0",0
"199","de Post-dividende démographique","PST",80.6916638959893,44330.3116982257,5.28552472988276,2.50358218671877,10.0946922252829,6.01986510185195,12.7585008327037,3.93442971501438,97.7000493105779,"0",0
"200","Polynésie française","PYF",77.462,20182.5845029164,12.2480001449585,4.1,10.0946922252829,6.01986510185195,12.7585008327037,3.93442971501438,85.44037912,"1",1
"201","Qatar","QAT",80.1,50124.3859361728,0.109999999403954,4.1,1.59,2.52,2.62514997,3.7273,96.18278647,"0",0
"202","Roumanie","ROU",75.3585365853659,12956.5662477568,4.19000005722046,2.5,11.74,6.74,5.56050777,2.4804,81.93335709,"0",0
"203","Fédération de Russie","RUS",72.6621951219512,10161.982421875,4.84999990463257,2.5,11.19,10.9,5.35520792,7.1992,75.91418623,"0",0
"204","Rwanda","RWA",68.7,786.301814784707,1.11099994182587,34.7,8.95,1.6,6.6816082,0.055,11.56456276,"0",0
"205","Asie du Sud","SAS",69.4122699440301,1875.44139149022,5.11979632371503,12.992699730475,4.34614163105819,0.519851236745604,3.04258017447271,0.661303283345089,11.56456276,"0",0
"206","Arabie saoudite","SAU",74.998,20203.6688777651,6.03999996185303,3.8,0.19,2.3,5.74845695,2.4074,11.56456276,"0",0
"207","Soudan","SDN",65.095,615.462097167969,17.5799999237061,11.8,0.51,0.73,4.43653536,2.4074,11.56456276,"0",0
"208","Sénégal","SEN",67.665,1462.80816888438,3.27500009536743,7.8,0.76,0.73,4.23825741,2.4074,11.56456276,"0",0
"209","Singapour","SGP",83.2975609756098,60729.4503486794,3.64299988746643,7.8,2.03,3.2,4.08520222,1.7187,100,"0",0
"210","Îles Salomon","SLB",72.835,2250.6011638607,0.723999977111816,17.6,1.83,3.2,3.99611521,1.7187,100,"0",0
"211","Sierra Leone","SLE",54.309,509.376593987322,4.65999984741211,27.7,5.7,0.4,8.28987408,0.0212,9.907987192,"0",0
"212","El Salvador","SLV",73.096,3798.63652082321,4.01000022888184,8.4,3.89,0.9,7.09307051,0.0212,9.907987192,"0",0
"213","Saint-Marin","SMR",73.096,45515.7576957013,4.01000022888184,8.4,3.89,0.9,6.91428852,0.0212,100,"0",0
"214","Somalie","SOM",57.068,438.255165584868,18.8500003814697,56.6,0.009,0.9,6.91428852,0.0212,100,"0",0
"215","Serbie","SRB",75.890243902439,7730.69174637698,12.7299995422363,3.8,8.75,5.54,8.5316782,2.482,74.97472839,"0",0
"216","Afrique subsaharienne (hors revenu élevé)","SSA",61.2719943146726,1500.85264844909,6.48479163501959,18.4572340094107,5.83226077400774,5.54,5.04426632782407,0.18869275729054,74.97472839,"0",0
"217","Soudan du Sud","SSD",57.604,1500.85264844909,12.2370004653931,18.4572340094107,5.83226077400774,5.54,6.27566719,0.18869275729054,74.97472839,"0",0
"218","Afrique subsaharienne","SSF",61.273032490238,1501.77942150021,6.48479163501959,18.4572340094107,5.83401477994691,5.54,5.04447521229494,0.188789500202685,29.2565117741195,"0",0
"219","Petits états","SST",69.5421346858479,10787.6687294932,9.33547634107194,12.848527909764,5.16393930879893,5.54,4.80808040187134,0.948657269381677,29.2565117741195,"0",0
"220","Sao Tomé-et-Principe","STP",70.17,2157.84044569668,14.0609998703003,12.8,5.88,3.2,5.84369802,0.948657269381677,35.47958003,"0",0
"221","Suriname","SUR",71.57,4916.60566637918,7.92600011825562,8,5.33,3.3,7.8974061,0.948657269381677,55.31203333,"0",0
"222","République slovaque","SVK",77.2658536585366,19266.5135736247,6.53999996185303,3.9,11.14,6.73,6.70504332,3.351,99.1345283,"1",1
"223","Slovénie","SVN",81.3780487804878,25489.5002284083,5.1100001335144,2.5,11.9,4.77,8.27940369,2.4367,98.27432091,"1",1
"224","Suède","SWE",82.5585365853659,52300.2061994993,6.3600001335144,2.5,8.93,2.89,10.94106293,3.8027,99.75113444,"1",1
"225","Eswatini","SWZ",59.401,3434.72179830295,22.7919998168945,11.8,10.04,2.1,7.2573719,3.8027,99.75113444,"0",0
"226","Sint Maarten (Dutch part)","SXM",59.401,3434.72179830295,22.7919998168945,11.8,10.04,2.1,7.2573719,3.8027,99.75113444,"0",0
"227","Seychelles","SYC",72.8414634146341,12193.8868736001,22.7919998168945,11.8,20.5,5.7,5.26916742,1.0953,99.75113444,"0",0
"228","République arabe syrienne","SYR",71.779,12193.8868736001,8.75500011444092,11.8,0.24,1.47,5.26916742,1.4602,99.75113444,"0",0
"229","Îles Turques-et-Caïques","TCA",71.779,23879.9266491038,8.75500011444092,11.8,0.24,1.47,5.26916742,1.4602,99.75113444,"0",0
"230","Tchad","TCD",53.977,652.349209585738,1.12999999523163,30.3,1.37,1.47,4.1669445,1.4602,5.573686802,"0",0
"231","Asie de l’Est et Pacifique (BIRD et IDA)","TEA",75.2562801026236,8361.93814697081,3.80941613580349,3.66602116490374,6.22188659810114,1.87006111636362,4.91599066147018,1.1614829002344,5.573686802,"0",0
"232","Europe et Asie centrale (BIRD et IDA)","TEC",74.0456465503097,8406.89091077412,6.69182396340971,2.63994521266749,8.04348584936371,7.46998981821944,5.37095301298859,4.0725879194144,80.0568438615086,"0",0
"233","Togo","TGO",60.76,914.950792453214,3.72900009155273,20.7,2.46,7.46998981821944,6.08747768,0.0506,18.80500142,"0",0
"234","Thaïlande","THA",76.931,7158.76668372256,0.769999980926514,7.8,8.3,7.46998981821944,3.8184948,0.3906,18.80500142,"0",0
"235","Tadjikistan","TJK",70.879,852.830987774963,7.01200008392334,7.8,3.28,6.12,7.2394805,1.6975,54.38606963,"0",0
"236","Turkménistan","TKM",68.073,852.830987774963,4.23400020599365,3.5,4.93,4.34,6.60684919,2.2743,94.79052812,"0",0
"237","Amérique latine et Caraïbes (BIRD et IDA)","TLA",75.3573280274652,7062.47559044946,7.97783084832191,6.8905704072693,6.3455194724431,1.81651303491336,7.88364055377675,2.1499871453835,68.569365821705,"0",0
"238","Timor-Leste","TLS",69.26,1442.73073825015,4.73099994659424,25.1,2.17,1.81651303491336,7.61165237,0.079,68.569365821705,"0",0
"239","Afrique du Nord et Moyen-Orient (BIRD et IDA)","TMN",73.5836236325897,3189.79540382642,11.4625203666998,9.36245062777261,0.677172520098811,1.71116803311663,6.27614711937889,0.079,68.569365821705,"0",0
"240","Tonga","TON",70.801,4624.82344882844,3.0699999332428,9.36245062777261,0.8,1.71116803311663,5.05481672,0.5577,29.48214255,"0",0
"241","Asie du Sud (BIRD et IDA)","TSA",69.4122699440301,1875.44139149022,5.11979632371503,12.992699730475,4.34614163105819,0.519851236745604,3.04258017447271,0.661303283345089,29.48214255,"0",0
"242","Afrique subsaharienne (BIRD et IDA)","TSS",61.273032490238,1501.77942150021,6.48479163501959,18.4572340094107,5.83401477994691,0.519851236745604,5.04447521229493,0.188789500202685,29.48214255,"0",0
"243","Trinité-et-Tobago","TTO",73.38,15285.9404867715,3.33699989318848,7,6.72,2.7,6.70954943,1.8086,29.48214255,"0",0
"244","Tunisie","TUN",76.505,3597.21852540455,15.460000038147,2.5,2.12,1.98,6.82099104,1.222,78.83515112,"0",0
"245","Turquie","TUR",77.437,8536.43331960632,10.8900003433228,2.5,2.05,2.52,4.12414074,1.7068,78.83515112,"1",1
"246","Tuvalu","TUV",77.437,4668.81874310357,10.8900003433228,2.5,1.52,2.52,19.03600502,1.7068,78.83515112,"0",0
"247","Tanzanie","TZA",65.015,1076.4697265625,2.20600008964539,23.3,11.27,1.1,4.15363026,1.7068,78.83515112,"0",0
"248","Ouganda","UGA",62.973,822.027681531666,1.92299997806549,23.3,15.09,1.1,4.03115654,1.7068,14.80988131,"0",0
"249","Ukraine","UKR",71.5826829268293,3751.74072265625,8.80000019073486,2.5,8.32,8.73,7.51988459,3.483,88.93929933,"0",0
"250","Revenu intermédiaire, tranche supérieure","UMC",75.7359495426608,9166.46085400957,5.77288907633641,3.6104188987009,6.93164258471791,2.73332595251202,5.71644825633504,1.98638826403092,75.0486900854927,"0",0
"251","Uruguay","URY",77.77,15418.8153089096,8.34000015258789,2.5,6.92,2.9,9.01455498,1.98638826403092,75.0486900854927,"0",0
"252","États-Unis","USA",78.6390243902439,63027.6795267153,3.90000009536743,2.5,9.87,3.18,16.68710518,1.98638826403092,96.96518791,"1",1
"253","Ouzbékistan","UZB",71.573,1749.65581532206,5.83500003814697,2.5,2.59,5.12,5.30275869,2.5432,58.86418257,"0",0
"254","Saint-Vincent-et-les Grenadines","VCT",72.415,7860.82135437107,19.1800003051758,5.5,9.06,5.12,4.51017952,0.6648,58.86418257,"0",0
"255","Venezuela","VEN",72.128,7860.82135437107,5.02199983596802,22.7,4.14,5.12,4.92647457,0.6648,58.86418257,"0",0
"256","Îles Vierges britanniques","VGB",72.128,7860.82135437107,5.02199983596802,22.7,4.14,5.12,4.92647457,0.6648,58.86418257,"1",1
"257","Îles Vierges (EU)","VIR",79.5195121951219,39552.1685953523,12.4259996414185,22.7,4.14,5.12,4.92647457,0.6648,97.93599355,"0",0
"258","Viet Nam","VNM",75.317,3526.27457939624,1.1599999666214,6.8,8.66,2.66,5.03448868,0.71,97.93599355,"0",0
"259","Vanuatu","VUT",70.323,2919.83679998348,1.80900001525879,12.6,2.25,2.66,3.3463788,0.71,97.93599355,"0",0
"260","Monde","WLD",72.5744145112694,10936.0574657438,5.38968031402404,7.7,6.17035716715934,2.67138902979241,9.70124124977582,1.51530516436739,72.849876192155,"0",0
"261","Samoa","WSM",73.187,4068.07886505264,8.68599987030029,4.5,2.66,2.67138902979241,5.47191095,0.3443,46.23187853,"0",0
"262","Kosovo","XKX",72.6951219512195,4310.81118337317,8.68599987030029,4.5,2.66,2.67138902979241,5.47191095,0.3443,46.23187853,"0",0
"263","Yémen, Rép. du","YEM",66.096,631.681490044125,13.1450004577637,44.7,0.051,0.7,5.47191095,0.3443,46.23187853,"0",0
"264","Afrique du Sud","ZAF",63.857,5655.86765390396,26.9099998474121,5.7,9.52,0.7,8.85829735,0.7207,46.23187853,"0",0
"265","Zambie","ZMB",63.51,985.132436038869,12.0100002288818,5.7,6.54,0.7,5.03271484,0.0614,46.23187853,"0",0
"266","Zimbabwe","ZWE",61.195,1214.50982023534,4.7960000038147,5.7,4.67,3,8.68006228,0.1272,29.82791269,"0",0
