BOR;AN;FI;FI_EJ;URG;HMED;HIDE;SAO;ACC;PASSU;dt80;dt18;dtMCO;dtMCO80;dtMCO18;dtLS;dtLS80;dtLS18;dtHAD;dtHAD80;dtHAD18;dtEXT;dtEXT80;dtEXT18;dtHOSP;LIT_UHCD;JLI_UHCD;SEJ_UHCD;SEJ0_UHCD;JOU_UHCD;STAP;RMM
URGENCES2;2017;010000024;010780054;GEN;330;780;1;IAO;39882;5024;11220;8809;2623;1451;5;2;;;;;133;14;2;;10;3650;3254;500;2826;1;1
URGENCES2;2017;010000032;010780062;GEN;163;151;0;;16822;2327;5222;3996;1405;631;5;0;0;0;0;0;173;28;6;;4;1460;437;83;383;1;1
URGENCES2;2017;010005239;010008407;GEN;252;252;1;IAO;21136;1731;5383;3379;874;902;2;0;2;0;0;0;590;69;57;;8;2920;1813;306;1824;1;0
URGENCES2;2017;010780195;010000156;GEN;189;345;1;IAO;20701;1102;2825;3830;538;49;;;;;;;;;;;4;;1816;1242;596;1;0
URGENCES2;2017;010780203;010010718;GEN;336;336;1;IAO;26251;2651;6858;1601;;;0;0;0;0;0;0;0;0;0;;8;2920;2379;583;2052;1;1
URGENCES2;2017;020000162;020000063;GEN;554;979;1;IAO;34622;5144;93;10455;3299;17;633;0;0;0;0;0;983;438;1;;10;3650;4665;878;4687;0;0
URGENCES2;2017;020000162;020000063;PED;252;105;0;;18540;;;;;;;;;;;;;;;2272;0;0;0;0;0;;
URGENCES2;2017;020000394;020000253;GEN;368;924;1;IAO;30020;3356;4257;6937;1876;59;;;;;;;;228;0;;4;1460;1484;321;1316;1;1
URGENCES2;2017;020000394;020000253;PED;168;168;0;;8419;;;;;;;;;;;;;;;857;;;0;0;0;;
URGENCES2;2017;020000519;020000261;GEN;510;854;1;IAO;33842;4469;5511;7469;2547;119;325;52;;;;;260;80;25;;4;1460;1309;484;1155;1;0
URGENCES2;2017;020000519;020000261;PED;510;854;1;IAO;11067;;;;;;;;;;;;;;;1403;;;0;0;0;;
URGENCES2;2017;020000535;020000287;GEN;168;354;1;IAO;19719;2166;4135;4286;1365;2671;1;1;;;;;480;;;;6;;1114;245;927;1;1
URGENCES2;2017;020001061;020004404;GEN;266;416;1;IAO;32910;3058;11308;5982;1886;650;;;;;;;1042;358;43;;4;1460;3563;2551;1027;1;0
URGENCES2;2017;020001087;020004495;GEN;168;203;1;IAO;12716;3709;348;2631;;;68;;;0;;;606;;;;4;1367;1846;1184;678;1;1
URGENCES2;2017;020010047;020001632;GEN;168;168;0;;10570;;;1369;;;;;;;;;;;;;6;2190;561;509;53;1;0
URGENCES2;2017;030000061;030780092;GEN;336;672;1;IAO;39002;3516;11086;10048;1590;2856;12;2;4;19;2;0;0;0;0;;8;2920;2228;734;1614;1;1
URGENCES2;2017;030000079;030780100;GEN;252;420;1;IAO;47112;5377;16889;11840;3798;1513;228;12;0;0;0;0;77;14;9;;6;;3960;1461;2633;1;1
URGENCES2;2017;030000087;030780118;GEN;336;676;1;IAO;33331;5029;6397;9770;3195;1016;88;4;1;;;;;;;;10;3650;4699;1140;4562;1;0
URGENCES2;2017;030781116;030000426;GEN;168;252;1;IAO;9941;888;928;2611;;;10;;;0;;;0;;;;0;0;0;0;0;1;1
URGENCES2;2017;040000093;040780215;GEN;476;752;1;IAO;34360;3767;9153;6367;1718;790;;;;;;;1134;265;87;;8;2920;3054;1029;2283;1;1
URGENCES2;2017;040000135;050002948;GEN;336;240;0;;17185;1761;4022;1107;599;88;7;4;0;11;9;0;671;259;10;;4;1460;1285;347;996;0;0
URGENCES2;2017;040000911;040788879;GEN;265;529;1;IAO;19733;2908;2882;4218;1146;264;210;10;5;;;;112;;;;4;1460;1792;724;1189;1;0
URGENCES2;2017;050000231;050000116;GEN;210;252;1;IAO;20897;1364;5156;4290;;;;;;;;;;;;;2;730;1250;840;413;1;1
URGENCES2;2017;050000256;050000124;GEN;168;168;;;9197;795;2447;586;298;5;;;;;;;381;52;55;;2;;316;141;178;;
URGENCES2;2017;050000348;050002948;GEN;628;525;1;IAO;27725;3644;5297;5065;1688;882;4;3;0;;1;0;2860;1113;71;;9;3285;3985;1619;2486;1;1
URGENCES2;2017;060000478;060780897;GEN;559;122;1;IAO;47964;5659;17695;8531;3250;1142;283;10;1;0;0;0;586;105;91;;9;2920;1567;819;783;1;0
URGENCES2;2017;060000510;060780954;GEN;694;728;1;IAO;53702;6828;7213;8904;3155;581;621;54;3;;;;413;111;35;;12;4380;3334;707;3933;0;0
URGENCES2;2017;060000544;060780988;GEN;678;902;1;IAO;54417;7569;14164;11990;4108;1697;576;;;;;;835;;;;4;1460;9276;6826;2469;1;1
URGENCES2;2017;060002102;060791761;GEN;238;238;0;;19735;3267;3112;2688;;;16;;;;;;299;;;;2;730;2072;1020;1117;0;
URGENCES2;2017;060780491;060790797;GEN;180;228;1;IAO;22260;2585;1397;2456;676;17;;;;;;;153;33;74;;4;0;0;0;0;1;0
URGENCES2;2017;060780517;060000239;GEN;252;392;1;IAO;34914;2408;5666;;;;;;;;;;;;;;5;1825;592;532;60;1;0
URGENCES2;2017;060780715;060000361;GEN;280;322;1;IAO;26423;3586;2184;4025;1185;43;;;;;;;486;206;7;;4;1460;1;0;3;;
URGENCES2;2017;060780723;060004959;GEN;168;168;1;IAO;15827;1484;429;834;;;;;;;;;;;;;8;2920;506;500;608;1;1
URGENCES2;2017;060780947;060800174;PED;347;924;1;IAO;62505;;;;;;;;;;;;;;;6956;7;2555;3584;1565;2062;;
URGENCES2;2017;060785003;060785011;GEN;1012;1876;1;MAO;87794;;;10464;;;263;;;0;;;3123;;;;19;6935;4659;3231;1440;1;0
URGENCES2;2017;070000013;070002878;GEN;336;252;0;;11939;1524;2170;1989;834;27;14;9;0;0;0;0;203;21;31;;5;1825;928;172;1257;1;1
URGENCES2;2017;070000179;070780358;GEN;476;336;1;IAO;31869;3225;9579;7017;1996;1178;;;;;;;;;;;14;5110;3889;581;3830;1;1
URGENCES2;2017;070000609;070005566;GEN;420;490;1;IAO;25932;3629;5486;;;;;;;;;;;;;;6;2190;3147;719;2841;0;0
URGENCES2;2017;070780424;070000245;GEN;168;331;1;IAO;18091;;;1978;;;;;;;;;158;;;;2;;466;65;408;1;1
URGENCES2;2017;080000110;080000037;GEN;156;440;1;IAO;19788;2091;5364;5048;1332;237;6;3;;;;;201;14;25;;3;1093;3616;2464;1191;;
URGENCES2;2017;080000219;080001969;GEN;336;336;0;;14255;1791;3702;3705;1091;3650;1;1;0;0;0;0;253;33;38;;6;1806;2932;1962;1025;1;1
URGENCES2;2017;080000276;080001969;GEN;168;168;0;;6441;835;1574;855;479;7;28;21;0;7;0;0;143;19;25;;2;730;1370;1025;373;1;1
URGENCES2;2017;080000425;080000615;GEN;348;1384;;;55016;5717;17340;10369;;1610;;;;;;;;;;;14;5110;7444;3985;3784;1;0
URGENCES2;2017;090000175;090781774;GEN;476;742;1;IAO;34748;4375;8298;8455;2392;906;1;1;;0;0;0;326;64;41;;8;2920;4092;1941;2299;1;1
URGENCES2;2017;090000183;090781816;GEN;336;336;0;;10627;1623;1991;2356;;;;;;;;;;;;;3;1095;1189;607;602;0;1
URGENCES2;2017;090001629;090780107;GEN;168;168;1;IAO;6450;839;1660;307;240;0;0;0;0;;;;280;77;25;;0;;0;0;0;1;0
URGENCES2;2017;100000090;100000017;GEN;504;1104;1;IAO;61979;7095;16086;14360;4077;2192;;;;0;;;409;69;32;;15;5475;3794;308;4867;1;1
URGENCES2;2017;100000199;100006279;GEN;168;324;1;IAO;22749;3275;5550;4940;;;1865;;;;;;647;;;;4;;918;311;653;1;1
URGENCES2;2017;110000023;110780061;GEN;322;756;1;IAO;41038;5670;10395;8192;2727;1334;0;0;0;0;0;0;329;45;63;;9;3285;3451;1159;2432;1;1
URGENCES2;2017;110000049;110780087;GEN;168;168;1;IAO;12984;758;3543;412;;;;;;;;;356;;;;2;730;758;395;380;0;0
URGENCES2;2017;110000056;110780137;GEN;217;503;1;IAO;43507;4602;11952;9673;2540;1462;;;;;;;;;;;9;3285;3515;1302;2728;1;0
URGENCES2;2017;110780228;110000114;GEN;168;375;1;IAO;20174;1745;3643;3213;891;95;;;;;;;;;;;6;2190;830;419;433;0;1
URGENCES2;2017;110780483;110000155;GEN;168;245;1;IAO;20473;1345;4724;2003;461;56;;;;;;;;;;;4;1460;192;93;99;;
URGENCES2;2017;120000039;120780044;GEN;336;332;1;IAO;30261;4547;7627;7624;2714;912;74;16;56;0;0;0;1659;765;65;;4;1460;1754;326;1502;1;1
URGENCES2;2017;120000054;120780069;GEN;186;186;1;MAO;14160;2080;2974;3084;1112;104;;;;;;;;;;;2;730;438;217;223;1;0
URGENCES2;2017;120000070;120780085;GEN;195;336;1;IAO;11679;2014;2254;1648;1067;38;12;8;0;;;;391;186;55;;2;730;770;526;247;;
URGENCES2;2017;120004569;120004528;GEN;168;252;1;IAO;17578;2216;3974;2488;1017;118;98;;;;;;413;;;;3;1095;1066;439;640;1;1
URGENCES2;2017;120004668;120004619;GEN;168;172;1;IAO;9062;1218;1899;1866;727;94;;;;;;;214;41;56;;2;730;720;357;380;1;1
URGENCES2;2017;130000409;130041916;GEN;756;1423;1;IAO;52272;7695;4489;12346;4442;238;1228;229;13;27;12;0;755;122;21;;14;4380;9567;4932;6188;1;1
URGENCES2;2017;130000409;130041916;PED;168;176;;;14853;;;;;;;;;;;;;;;3049;2;730;337;294;46;;
URGENCES2;2017;130000565;130781446;GEN;256;516;1;IAO;41662;3658;14409;7905;2259;1435;;;;0;0;0;;;;;8;2920;3584;1861;1862;0;1
URGENCES2;2017;130001225;130782634;GEN;380;671;1;IAO;41252;;;;;;;;;;;;;;;;6;2190;2920;444;2714;1;1
URGENCES2;2017;130002215;130785512;GEN;406;434;0;;21758;3305;3125;3373;1257;56;;;;;;;;;;;4;1460;1251;406;885;;
URGENCES2;2017;130002827;130789274;GEN;238;588;1;IAO;35238;4158;6684;6006;2259;156;422;16;26;0;0;0;0;0;0;;4;1460;2879;1532;1383;1;1
URGENCES2;2017;130002835;130789316;GEN;362;714;1;IAO;48097;4221;15421;2073;19;1923;14;0;0;0;0;0;1025;299;53;;10;3650;8061;4678;3693;1;0
URGENCES2;2017;130043664;130002157;GEN;504;944;1;IAO;36393;2584;1011;4914;895;40;0;;;0;;;707;237;7;;6;2190;2263;996;1313;1;1
URGENCES2;2017;130780521;130786049;GEN;594;1344;1;IAO;60335;5070;2217;9744;2863;155;;;;;;;;;;;13;4745;6496;2600;5186;0;0
URGENCES2;2017;130780521;130786049;PED;195;705;1;IAO;35659;;;;;;;;;;;;;;;2048;2;730;692;465;233;;
URGENCES2;2017;130781479;130000599;GEN;228;336;1;IAO;15476;1480;1352;2367;1010;20;17;;;;;;55;15;5;;2;730;11;1;10;1;1
URGENCES2;2017;130782071;130002454;GEN;168;252;0;;14154;914;3465;1823;329;32;3;2;0;0;0;0;106;22;27;;6;2190;385;265;123;1;1
URGENCES2;2017;130782147;130000979;GEN;336;595;1;IAO;33438;3424;5184;3871;1515;52;;;;;;;247;64;8;;6;2190;2203;1329;874;1;1
URGENCES2;2017;130783293;130786049;GEN;962;2352;1;IAO;84952;10259;2942;15654;4640;638;;;;;;;;;;;16;5840;15324;6477;11051;1;1
URGENCES2;2017;130784713;130038847;GEN;168;336;1;IAO;12294;1465;806;1943;;;;;;;;;;;;;4;1460;24;11;13;1;1
URGENCES2;2017;130785652;130014228;GEN;420;566;1;IAO;28074;5245;666;9585;3221;129;;;;;;;;;;;7;2555;5074;2348;2952;1;1
URGENCES2;2017;130785652;130014228;PED;420;415;1;IAO;29322;;;;;;;;;;;;;;;3071;6;2190;1642;877;768;;
URGENCES2;2017;130786361;130002447;GEN;168;252;0;;15781;1964;1853;3226;1023;71;;;;;;;;;;;3;;502;399;115;1;0
URGENCES2;2017;130786742;750821092;GEN;304;508;1;IAO;22927;3790;1023;3716;1625;33;47;5;;;;;217;68;2;;10;3650;3426;2132;1339;1;1
URGENCES2;2017;130804297;130786049;PED;234;603;1;IAO;37954;;;;;;;;;;;;;;;4219;2;730;1099;856;244;;
URGENCES2;2017;140000027;140000035;GEN;456;672;1;IAO;47300;3668;19555;;2673;2781;;5;;;;;;;;;9;3285;2604;731;2124;1;1
URGENCES2;2017;140000209;140000100;GEN;532;1764;1;IAO;66824;9382;1701;17190;4566;123;377;5;22;0;0;0;1593;312;23;;14;5110;11516;4600;8214;1;1
URGENCES2;2017;140000209;140000100;PED;252;504;1;IAO;25721;;;;;;;;;;;;;;;3388;3;1095;998;366;636;;
URGENCES2;2017;140000233;140000118;GEN;154;238;1;IAO;18246;2343;6105;5165;1640;1017;;;;;;;;;;;2;730;1106;454;683;1;0
URGENCES2;2017;140000373;140000159;GEN;168;252;1;IAO;11287;2301;1736;3206;1626;13;107;9;1;0;0;0;435;87;89;;2;730;1434;196;1378;1;1
URGENCES2;2017;140002452;140025800;GEN;210;267;1;IAO;16320;1299;2804;819;633;5;;1;;;;;;;;;3;1095;972;798;174;1;1
URGENCES2;2017;140016759;140003146;GEN;238;319;1;IAO;22286;1657;4914;656;;;;;;;;;;;;;6;976;967;718;260;;
URGENCES2;2017;140017237;140003278;GEN;203;361;1;IAO;26101;2225;7427;2391;554;82;;;;;;;;;;;7;2555;384;207;182;1;0
URGENCES2;2017;140024886;140000092;GEN;190;420;1;IAO;21604;2970;5607;4866;1789;667;68;10;0;0;0;0;129;22;2;;4;1460;2362;1168;1301;1;0
URGENCES2;2017;140026410;140026279;GEN;336;392;1;IAO;17576;1577;2777;2992;;;;;;;;;880;;;;5;1825;1660;333;1509;0;0
URGENCES2;2017;150000032;150780088;GEN;168;168;0;;14459;2116;2977;3069;1266;57;121;8;5;0;0;0;235;55;47;;0;0;0;0;0;1;1
URGENCES2;2017;150000040;150780096;GEN;280;543;1;IAO;29202;3278;7067;9999;1764;2812;0;0;0;0;0;0;269;48;31;;6;2190;1778;356;1592;1;1
URGENCES2;2017;150000164;150780468;GEN;48;35;1;IAO;9691;708;2045;;;;;;;;;;;;;;6;1452;1463;279;1227;;
URGENCES2;2017;160000253;160000451;GEN;423;1120;1;IAO;49019;6702;8054;11803;3136;389;89;54;0;;;;918;185;36;;10;3650;5364;2670;2837;1;1
URGENCES2;2017;160000253;160000451;PED;168;320;0;;11907;;;;;;;;;;;;;;;1341;4;1460;867;312;586;;
URGENCES2;2017;160000303;160006037;GEN;168;252;1;IAO;9004;1408;1654;1966;;;;;;;;;;;;;2;730;333;236;117;1;1
URGENCES2;2017;160000311;160000485;GEN;168;162;1;IAO;10727;1618;2473;1564;809;17;7;6;0;;;;430;93;58;;2;730;506;498;9;1;0
URGENCES2;2017;160000337;160000493;GEN;168;210;0;;10196;1796;2094;2383;1113;65;;;;;;;;;;;3;730;1132;595;563;;
URGENCES2;2017;160015368;160014411;GEN;98;602;1;IAO;18614;2584;3422;4500;1534;114;3;3;;;;;;;;;7;2555;3254;2026;1264;1;1
URGENCES2;2017;170000038;170780050;GEN;156;205;0;;14363;2522;2731;2729;1403;45;40;0;0;;;;304;44;59;;4;1460;1383;400;1065;1;0
URGENCES2;2017;170000087;170024194;GEN;525;1021;1;IAO;47119;8517;7689;13369;5020;595;2421;695;56;;;;113;11;9;;15;4845;4781;1113;4061;1;0
URGENCES2;2017;170000095;170780167;GEN;168;672;0;;11597;2144;1840;2211;1140;35;18;17;0;0;0;0;393;71;61;;3;1095;977;323;697;1;1
URGENCES2;2017;170000103;170780175;GEN;168;714;1;IAO;33172;4037;4102;7499;2136;186;209;4;0;;;;249;36;33;;8;2920;2759;316;3732;1;0
URGENCES2;2017;170000103;170780175;PED;168;191;1;IAO;9826;;;;;;;;;;;;;;;1877;2;730;707;463;244;;
URGENCES2;2017;170000152;170780225;GEN;406;1008;1;IAO;35914;4606;10187;10129;3112;1471;;;;;;;220;22;5;;9;3285;3236;581;2730;0;1
URGENCES2;2017;170022065;170022057;GEN;336;490;1;IAO;20163;4472;2243;;;;;;;;;;5447;2327;45;;0;0;0;0;0;1;0
URGENCES2;2017;170022818;170022057;GEN;84;84;1;IAO;6403;533;1453;;;;;;;;;;472;104;36;;;;0;0;0;1;0
URGENCES2;2017;170022826;170022057;GEN;86;140;1;IAO;10546;1281;1705;;;;;;;0;;;1803;413;71;;;;0;0;0;1;0
URGENCES2;2017;180000010;180000028;GEN;466;1106;1;IAO;50260;9667;11749;12417;2813;1281;0;0;0;0;0;0;0;0;0;;13;4745;4934;765;5384;1;1
URGENCES2;2017;180000200;180000051;GEN;74;308;1;IAO;22584;2657;5604;4596;1465;608;;;;;;;247;;;;4;1460;2211;720;1607;0;0
URGENCES2;2017;180000283;180000069;GEN;168;284;1;IAO;14907;2352;3061;2290;1161;5;11;6;0;;;;1164;102;14;;5;1825;2265;1155;1275;1;1
URGENCES2;2017;190000018;190000042;GEN;288;742;1;IAO;38337;5820;8261;10509;4072;1009;449;;;;;;;;;;9;3278;2792;304;2722;1;1
URGENCES2;2017;190000026;190000059;GEN;203;516;1;IAO;20446;3502;4133;5794;2307;437;329;26;;;;;186;34;23;;6;2190;1585;263;1498;1;1
URGENCES2;2017;190000091;190000075;GEN;;;0;;12980;2596;2557;2820;1274;59;67;13;0;;;;361;85;45;;1;365;333;127;209;1;0
URGENCES2;2017;210012670;210011367;GEN;168;646;1;IAO;8902;725;3276;706;725;2551;;;;;;;273;136;4;;6;;2223;1795;449;1;1
URGENCES2;2017;210780136;210011367;GEN;168;420;1;IAO;7650;938;884;511;172;1;;;;;;;556;177;14;;4;;1929;1415;522;1;
URGENCES2;2017;210987558;210780581;GEN;671;1260;1;MAO;48994;8247;73;16424;;;422;;;;;;261;;;;9;3285;5212;1819;3430;1;1
URGENCES2;2017;210987558;210780581;PED;104;462;1;MAO;24042;;;;;;;;;;;;;;;2956;4;1460;2916;1850;1091;;
URGENCES2;2017;210987657;210012175;GEN;392;756;1;IAO;24054;3148;6199;6343;1930;898;0;;;;;;544;;;;6;2190;2755;1235;1610;0;0
URGENCES2;2017;210987665;210012142;GEN;168;420;0;MAO;11732;;;2361;;;;;;;;;287;;;;2;730;2050;1805;250;0;0
URGENCES2;2017;210987699;210780706;GEN;406;609;1;IAO;21942;2541;5594;3344;1086;453;408;18;10;;;;790;344;48;;4;1460;1626;683;1008;;
URGENCES2;2017;220000012;220000020;GEN;697;1345;1;IAO;71272;8242;21537;19590;5030;3347;0;0;0;0;0;0;599;149;14;;17;6205;3845;849;3386;;
URGENCES2;2017;220000095;220000046;GEN;441;483;1;IAO;29868;4645;8191;7436;1127;1891;6;1;2;;;;4;1;1;;8;2920;2622;664;2117;0;1
URGENCES2;2017;220000343;220000079;GEN;336;518;1;IAO;22449;3283;5601;5919;;;20;;;;;;;;;;6;2190;2094;883;1280;1;1
URGENCES2;2017;220000368;220000103;GEN;208;574;1;IAO;24394;3533;5356;7511;2399;659;;;;;;;239;27;18;;6;2190;2665;1470;1219;1;1
URGENCES2;2017;220000541;220000152;GEN;336;252;0;;14783;2284;3218;2755;1202;7;3;2;;;;;794;152;124;;4;1460;752;612;141;1;1
URGENCES2;2017;230000820;230780041;GEN;434;420;1;IAO;21226;3787;4156;6709;2638;604;6;4;0;0;0;0;1663;940;18;;6;2190;81;64;18;1;1
URGENCES2;2017;230004657;230780058;GEN;168;168;0;;6295;1644;1130;;;;;;;;;;;;;;2;730;519;134;427;0;0
URGENCES2;2017;240000190;240000596;GEN;168;274;1;IAO;12655;;;1925;;;;;;;;;381;;;;4;1460;1745;1551;194;0;1
URGENCES2;2017;240000372;240000059;GEN;322;455;1;IAO;28716;;;7552;;;;;;27;;;;;;;8;2920;3955;1212;3026;;
URGENCES2;2017;240000489;240000117;GEN;420;840;1;IAO;42517;6357;12538;11930;;1639;156;;;12;;;;;;;15;5475;4602;1064;4569;1;1
URGENCES2;2017;240000687;240000448;GEN;168;420;1;IAO;14616;2260;3383;3196;1369;64;109;5;6;;;;681;143;113;;6;2190;1351;368;1078;;
URGENCES2;2017;250000700;250000452;GEN;259;486;1;IAO;30375;2839;8421;6825;1593;1366;99;4;;;;;;;;;6;2190;2035;836;1391;1;1
URGENCES2;2017;250006954;250000015;GEN;903;1998;1;IAO;66137;8253;2816;;;;;;;;;;;;;;8;2920;5520;3508;2546;1;1
URGENCES2;2017;250006954;250000015;PED;218;562;0;;20001;;;;;;;;;;;;;;;3799;4;1460;1275;424;992;;
URGENCES2;2017;260000013;260000021;GEN;616;1055;1;IAO;74046;;17304;15722;;2411;;;;;;;;;;;14;5110;4726;1228;3870;;
URGENCES2;2017;260000120;260016910;GEN;238;756;1;IAO;28364;4485;6663;6565;2417;1174;;;;;;;501;;;;8;2920;1892;93;2709;1;0
URGENCES2;2017;260000138;260000047;GEN;470;840;1;IAO;45621;4588;10947;6485;1849;1337;28;20;;4;1;;725;88;27;;10;3650;5166;1340;4457;0;1
URGENCES2;2017;260000146;260000054;GEN;168;174;1;IAO;11458;972;2775;1023;;;;;;;;;295;;;;2;730;94;52;43;1;0
URGENCES2;2017;260000203;260016910;GEN;168;336;0;;9277;1054;2231;1193;504;44;;;;;;;163;;;;1;365;171;32;139;;
URGENCES2;2017;260000286;260000104;GEN;168;168;0;;7762;875;1930;1511;492;51;;;;;;;;;;;2;4;902;341;581;0;0
URGENCES2;2017;270000045;270000060;GEN;168;248;1;IAO;19493;2350;3908;3347;1299;43;1;;;;;;;;;;4;1460;1623;408;1342;1;1
URGENCES2;2017;270000326;270000680;GEN;168;424;1;IAO;17786;828;4198;1501;109;267;;;;;;;;;;;4;1460;35;2;184;1;1
URGENCES2;2017;270000359;270023724;GEN;644;808;1;IAO;62927;4547;23214;8784;2237;1618;0;0;0;0;0;0;;;;;7;3725;3830;1574;2872;;
URGENCES2;2017;270000367;270000086;GEN;168;168;1;IAO;16641;1195;4076;3022;1110;108;;;;;;;162;;;;2;730;1078;218;948;0;0
URGENCES2;2017;270000391;760024042;GEN;168;238;1;IAO;14789;786;4402;633;317;12;;;;;;;;;;;;;0;0;0;1;1
URGENCES2;2017;270000425;270000102;GEN;168;168;0;;17817;;;726;;;;;;;;;;;;;7;2555;2083;832;1394;;
URGENCES2;2017;270000441;270000110;GEN;168;168;0;;17130;;;883;;;19;;;;;;346;;;;4;1460;686;96;728;1;0
URGENCES2;2017;270000458;270023724;GEN;238;420;1;IAO;23240;2375;4120;4215;1352;82;14;12;0;0;0;0;;;;;6;2190;1495;475;1135;1;1
URGENCES2;2017;280000084;280000183;GEN;679;903;1;IAO;56169;4404;22863;9776;2571;1549;191;12;14;;;;;;;;11;4015;3058;685;2790;0;0
URGENCES2;2017;280000662;280500075;GEN;296;464;0;;18312;2382;3988;3901;1526;42;4;3;0;;;;;;;;4;1510;1946;795;1249;;
URGENCES2;2017;280502998;280000589;GEN;168;168;1;IAO;15978;2513;3411;1477;1385;47;0;;;0;;;836;;;;3;1095;1718;902;864;0;1
URGENCES2;2017;280504267;280000134;GEN;792;1016;1;IAO;59173;6124;18096;13814;3686;1995;10;6;0;;;;310;92;3;;16;5840;6050;1506;5400;1;1
URGENCES2;2017;280505777;280001199;GEN;168;252;0;;27916;2329;7311;2273;;;;;;;;;;;;;8;2920;894;94;820;;
URGENCES2;2017;290000025;290020700;GEN;584;1467;1;IAO;54159;6005;15616;12155;3099;3076;15;12;;;;;1217;130;13;;24;8760;3956;1406;2770;1;1
URGENCES2;2017;290000033;290021542;GEN;273;690;1;IAO;34064;5280;7930;10180;3339;1256;1334;48;79;;;;213;35;35;;10;3650;2466;420;2208;1;1
URGENCES2;2017;290000058;290000017;PED;287;660;1;IAO;27536;;;;;;;;;;;;;;;3666;8;0;203;201;2;;
URGENCES2;2017;290000066;290020700;GEN;75;147;1;IAO;8044;1117;1752;1150;543;65;4;3;;;;;43;10;1;;;;0;0;0;1;1
URGENCES2;2017;290000173;290000041;GEN;198;314;1;IAO;17044;2300;3981;3387;1482;73;314;10;7;;;;123;20;10;;4;1460;1177;321;967;0;0
URGENCES2;2017;290000181;290000074;GEN;168;420;1;IAO;13903;2658;2133;2965;1530;4;1;1;0;0;0;0;331;69;43;;2;730;1819;1036;834;1;1
URGENCES2;2017;290000256;290000017;GEN;336;343;0;;13110;3157;1763;3834;1992;45;;;;;;;69;;;;4;1460;1161;179;1067;1;1
URGENCES2;2017;290000728;750821092;GEN;300;650;1;IAO;19087;2162;926;3933;1305;52;63;2;2;;;;583;317;4;;4;1460;1805;526;1336;1;1
URGENCES2;2017;290000785;220020739;GEN;336;420;1;IAO;15018;2782;1577;2729;;;;;;;;;;;;;2;730;601;378;223;1;
URGENCES2;2017;290000934;290000306;GEN;366;592;1;IAO;21234;3208;4540;5202;2208;48;148;12;2;;;;;;;;6;2190;1712;351;1362;1;1
URGENCES2;2017;290004324;290000017;GEN;646;883;1;IAO;48775;10371;57;17650;6774;;1821;;;;;;514;;;;16;5840;5038;513;5485;1;1
URGENCES2;2017;290019777;290022508;GEN;254;493;1;IAO;36707;3270;6050;2856;;;;;;;;;382;;;;6;2190;1071;734;384;1;0
URGENCES2;2017;2A0000022;2A0000014;GEN;444;2016;1;IAO;38409;4722;6372;7588;2194;892;129;112;0;;;;1251;678;16;;8;2920;3339;1265;3064;0;1
URGENCES2;2017;2A0000154;2A0000204;GEN;186;186;1;IAO;19269;1031;4857;1388;449;108;;;;;;;163;32;69;;4;;515;347;168;1;1
URGENCES2;2017;2B0000012;2B0000020;GEN;450;924;1;IAO;32107;3543;6526;8583;2165;858;229;6;11;0;0;0;237;27;14;;6;2190;3985;1816;2516;1;1
URGENCES2;2017;2B0005359;2B0005342;GEN;168;168;1;IAO;12713;;;;;;;;;;;;;;;;2;730;1194;490;791;;
URGENCES2;2017;300000023;300780046;GEN;336;574;1;IAO;41985;6424;9909;9773;3305;1151;479;10;5;0;0;0;517;180;44;;8;2920;4129;859;3591;1;1
URGENCES2;2017;300000031;300780053;GEN;232;238;1;IAO;26371;3290;6862;6358;1925;982;;;;;;;1298;556;73;;6;2190;1926;693;1409;0;1
URGENCES2;2017;300780137;920028396;GEN;168;235;1;IAO;11667;1194;2294;1874;595;71;;;;;;;;;;;2;730;562;517;45;1;1
URGENCES2;2017;300782117;300780038;GEN;674;1564;1;IAO;65996;8937;6270;15845;;;325;;;;;;371;;;;10;3650;5962;912;5862;1;1
URGENCES2;2017;300782117;300780038;PED;192;0;1;IAO;18984;;;;;;;;;;;;;;;2950;1;;310;215;116;;
URGENCES2;2017;300788502;300788486;GEN;312;256;1;IAO;23727;671;5293;2369;296;191;;;;;;;;;;;5;1825;52;34;18;1;1
URGENCES2;2017;310000310;310780671;GEN;336;420;1;IAO;21716;4263;4767;5608;2571;242;;;;;;;897;278;49;;8;2920;1833;583;1330;1;1
URGENCES2;2017;310016977;310781406;PED;580;1123;1;IAO;51632;;;;;;;;;;;;;;;7944;14;4745;;;;;
URGENCES2;2017;310780101;310026794;GEN;168;252;1;IAO;19821;2021;3658;2756;835;88;;;;;;;;;;;3;1095;907;697;215;1;1
URGENCES2;2017;310780283;310000112;GEN;260;588;1;IAO;24565;;;;;;;;;;;;;;;;10;3650;1635;71;2947;1;0
URGENCES2;2017;310780382;310000179;GEN;168;168;0;;13105;1101;1014;1767;425;39;;;;;;;;;;;2;730;2;2;0;1;1
URGENCES2;2017;310781000;310788880;GEN;272;637;;;20703;3393;1147;3075;869;41;539;15;;;;;;;;;6;2190;2613;1116;1573;;
URGENCES2;2017;310781067;310788898;GEN;238;336;0;;15957;;;1740;;;;;;;;;103;;;;5;1825;1216;480;792;;0
URGENCES2;2017;310781505;310000492;GEN;232;432;1;IAO;28769;;;4418;;;;;;;;;;;;;6;2190;598;106;494;;
URGENCES2;2017;310783048;310781406;GEN;1069;3449;1;MAO;75054;8306;3928;11974;3600;272;192;5;12;;;;2713;658;62;;43;12410;7227;1724;8583;1;1
URGENCES2;2017;310783055;310781406;GEN;568;1724;1;MAO;37810;6259;1150;7497;2341;73;18;1;1;;;;953;528;3;;14;5110;4107;2107;2314;1;1
URGENCES2;2017;320000086;320780117;GEN;238;672;1;IAO;23343;4385;4484;8223;2957;759;3;1;;;;;312;60;27;;2;730;1488;791;804;1;1
URGENCES2;2017;320000102;320780133;GEN;168;168;0;;7942;1333;1494;1642;;0;9;;0;;;;344;;0;;2;730;1000;772;230;1;1
URGENCES2;2017;330000555;330781204;GEN;406;672;1;IAO;32040;4831;7015;7325;2635;760;;;;;;;;;;;6;2190;3365;797;2916;;1
URGENCES2;2017;330000571;330781220;GEN;168;252;1;IAO;17139;2434;3793;5317;1732;278;68;46;0;;;;777;193;0;;3;1095;2906;1956;1028;1;1
URGENCES2;2017;330000589;330027509;GEN;168;252;1;IAO;22266;3770;3695;6585;2123;267;72;58;0;6;2;0;283;88;39;;5;1825;2935;1681;1330;1;1
URGENCES2;2017;330000597;330027509;GEN;84;84;1;IAO;4398;323;1259;125;65;1;2;2;0;0;0;0;44;8;7;;;;0;0;0;1;1
URGENCES2;2017;330000605;330781253;GEN;535;1114;1;IAO;45948;6387;11304;16221;4671;2106;288;35;29;;;;;;;;8;;8432;3683;5707;1;1
URGENCES2;2017;330058355;330781253;GEN;235;252;1;IAO;11383;1258;3064;1347;336;96;3;;;;;;;;;;2;;1117;661;510;0;0
URGENCES2;2017;330780263;330000134;GEN;168;408;1;IAO;26169;1571;4660;1984;453;71;;;;;;;821;191;60;;6;2190;6237;3908;2433;1;1
URGENCES2;2017;330780479;330000274;GEN;266;448;1;IAO;30621;3710;4238;1943;;;;;;;;;;;;;5;1825;7792;4943;3103;1;1
URGENCES2;2017;330780495;330796392;GEN;168;168;1;IAO;18471;2204;4301;1341;571;42;4;4;0;0;0;0;845;142;90;;4;1460;3086;2063;1053;1;1
URGENCES2;2017;330780529;330796392;GEN;238;383;1;IAO;22721;3059;1929;2872;1096;60;4;3;0;0;0;0;738;250;22;;7;2555;3973;1895;2335;1;0
URGENCES2;2017;330780537;330000324;GEN;168;168;1;IAO;19111;2763;3718;6577;1897;392;0;0;0;0;0;0;599;66;90;;4;1460;3084;2168;916;1;1
URGENCES2;2017;330781303;750821092;GEN;301;669;1;IAO;26835;3213;875;5205;2226;191;13;0;0;;;;3175;1436;27;;4;1460;4435;2441;2088;0;1
URGENCES2;2017;330781352;330781196;GEN;268;816;;;21300;3988;851;11020;3417;289;1;0;0;0;0;0;55;2;3;;8;2920;4469;2254;2255;0;
URGENCES2;2017;330781360;330781196;GEN;729;1907;1;IAO;56612;6163;3858;25304;5051;1180;1;;;;;;161;19;13;;9;3285;9048;6062;2991;;
URGENCES2;2017;330781360;330781196;PED;421;672;1;IAO;43231;;;;;;;;;;;;;;;9740;8;2920;1801;1292;516;;
URGENCES2;2017;330783648;330781196;GEN;175;535;0;;5308;989;66;3822;873;22;1;;;;;;8;;;;4;1460;3837;2413;1596;;
URGENCES2;2017;340000033;340780055;GEN;632;1440;1;IAO;68737;7159;23613;15764;4065;2610;629;10;11;1;0;0;;;;;6;2190;6386;3680;2789;1;1
URGENCES2;2017;340000223;340011295;GEN;522;834;1;IAO;33148;5046;6921;8051;2632;908;7;;;;;;;;;;9;;3909;1445;2625;1;1
URGENCES2;2017;340015502;340000512;GEN;294;504;1;IAO;25624;2827;1808;3473;1026;24;;;;;;;;;;;7;2555;1915;1032;923;1;1
URGENCES2;2017;340015965;340000074;GEN;252;342;1;IAO;23697;;;3590;;;;;;;;;;;;;2;730;222;222;0;1;1
URGENCES2;2017;340022979;340000306;GEN;252;399;1;IAO;30212;1001;6905;2713;172;268;;;;;;;;;;;5;1825;1264;775;507;1;1
URGENCES2;2017;340780147;340000108;GEN;168;200;1;IAO;13943;1056;3571;1222;;;;;;;;;;;;;2;730;156;156;0;1;1
URGENCES2;2017;340780154;340000116;GEN;168;200;1;IAO;14356;1316;3202;1215;;;;;;;;;;;;;2;730;327;319;8;1;1
URGENCES2;2017;340780634;340000272;GEN;235;270;1;IAO;20529;949;8715;1828;348;404;;;;;;;;;;;2;730;50;30;20;1;1
URGENCES2;2017;340780642;340785856;GEN;168;238;1;IAO;11991;1048;948;1405;441;11;;;;;;;;;;;4;450;142;62;80;1;1
URGENCES2;2017;340780667;340000280;GEN;196;420;1;IAO;17102;2563;2025;2840;1089;15;0;0;0;0;0;0;0;0;0;;8;2920;621;105;643;1;1
URGENCES2;2017;340780717;340023225;GEN;168;168;1;IAO;12103;2018;3050;1676;776;32;;;;;;;;;;;1;365;370;237;133;1;1
URGENCES2;2017;340780725;340000330;GEN;168;287;1;IAO;24686;1773;6542;225;79;15;0;0;0;0;0;0;745;263;51;;4;1460;703;66;730;1;1
URGENCES2;2017;340785161;340780477;GEN;862;2016;1;IAO;83491;9440;5707;12475;2975;617;2011;273;37;;;;873;523;16;;21;7665;7916;1987;7325;1;0
URGENCES2;2017;340785161;340780477;PED;310;504;1;IAO;30830;;;;;;;;;;;;;;;3193;6;2190;1776;546;1290;;
URGENCES2;2017;350000121;350000303;GEN;307;819;1;IAO;38317;;;5989;;;;;;;;;;;;;6;2190;235;99;138;;
URGENCES2;2017;350000147;350000022;GEN;322;509;1;IAO;40505;6384;8286;13171;4370;1565;526;49;113;;;;409;115;56;;10;3650;3433;164;4079;1;1
URGENCES2;2017;350000154;350000030;GEN;453;545;1;IAO;27904;3636;7674;5330;2245;789;11;9;0;0;0;0;385;54;0;;8;2920;1552;185;1468;1;0
URGENCES2;2017;350000162;350000048;GEN;336;420;1;IAO;21935;3033;4872;4548;1737;612;276;15;1;;;;404;66;39;;4;1460;5627;3246;2741;1;1
URGENCES2;2017;350000188;350000055;GEN;336;358;1;IAO;20527;2796;5801;3566;1793;439;2;;;;;;315;;;;4;1460;1001;179;919;1;1
URGENCES2;2017;350000741;350005179;GEN;644;1519;1;IAO;61988;8626;2013;17251;4589;189;432;262;;0;;;2081;638;70;;19;6571;4751;2668;2134;1;1
URGENCES2;2017;350005146;350000733;GEN;210;339;1;IAO;26422;1905;6117;;;;;;;;;;;;;;4;1460;1;1;0;0;1
URGENCES2;2017;350007084;350005179;PED;285;1234;1;IAO;34268;;;;;;;;;;;;;;;4955;8;2472;2487;528;2573;;
URGENCES2;2017;360000038;360000046;GEN;168;168;0;;12530;1364;3137;2094;829;49;3;3;;;;;88;5;25;;6;2190;1287;935;369;0;1
URGENCES2;2017;360000137;360000053;GEN;564;725;1;IAO;48879;7101;11928;11220;3971;928;125;;1;;;0;630;201;48;;10;3650;3385;973;2769;1;1
URGENCES2;2017;360000160;360000053;GEN;168;168;;;9949;;;1884;;;;;;;;;38;;;;3;1095;424;88;525;;
URGENCES2;2017;370000093;370013468;GEN;252;371;1;IAO;20270;3153;2081;2464;;;;;;;;;253;;;;8;2920;2346;356;2406;;
URGENCES2;2017;370000499;370000481;PED;;783;1;IAO;33522;;;;;;;;;;;;;;;4688;8;2920;1815;360;1458;;
URGENCES2;2017;370000531;370000606;GEN;168;168;1;IAO;16649;2763;2823;3513;1561;24;294;17;4;0;0;0;487;137;42;;6;2190;2331;422;2274;1;0
URGENCES2;2017;370000879;370000564;GEN;191;336;1;IAO;16885;2779;3328;2240;1221;13;50;5;0;0;0;0;515;88;63;;4;1460;1461;718;781;1;0
URGENCES2;2017;370000903;370000614;GEN;336;420;1;IAO;14628;5854;2097;;;;;;;;;;;;;;4;;1434;469;1125;1;1
URGENCES2;2017;370004467;370000481;GEN;;1578;1;IAO;52313;8467;2345;19100;5466;419;;;;;;;;;;;18;6570;11836;3074;8918;1;1
URGENCES2;2017;370007569;370007528;GEN;228;423;1;IAO;21169;;;4390;;;;;;;;;;;;;5;1825;1452;1430;22;1;1
URGENCES2;2017;380000026;380780031;GEN;186;186;1;;6769;712;1689;;;;;;;;;;;;;;;;0;0;0;0;1
URGENCES2;2017;380000034;380780049;GEN;684;1204;1;IAO;49016;4830;12880;10688;2967;1479;;;;;;;;;;;15;1926;2239;741;1802;1;1
URGENCES2;2017;380000042;380780056;GEN;238;336;1;IAO;17969;;;2017;;;0;;;;;;;;;;2;730;877;299;671;1;
URGENCES2;2017;380000067;380780080;GEN;805;1764;1;IAO;61633;9372;1125;13610;4549;141;26;11;;22;5;;1626;355;26;;20;7300;21749;9192;15009;1;1
URGENCES2;2017;380000067;380780080;PED;365;840;1;IAO;33055;;;;;;;;;;;;;;;5967;12;4380;5670;2056;3833;;
URGENCES2;2017;380000174;380781435;GEN;456;847;1;IAO;44595;4249;17558;9041;2868;1404;;;;;;;684;68;206;;8;2920;2506;460;2247;1;1
URGENCES2;2017;380000406;380784751;GEN;336;756;1;IAO;36408;3867;7876;;;;;;;;;;;;;;6;2190;3608;830;2955;;
URGENCES2;2017;380012658;380012609;GEN;450;665;1;IAO;30828;3325;3591;4614;1545;76;;;;;;;;;;;10;3650;7446;3575;4625;1;1
URGENCES2;2017;380020123;690041611;GEN;168;238;1;IAO;16955;;;;;;;;;;;;;;;;2;730;670;642;29;1;1
URGENCES2;2017;380782722;380780080;GEN;242;196;0;;15623;905;4194;1581;;;;;;;;;5;;;;;;0;0;0;1;0
URGENCES2;2017;380785956;380795211;GEN;192;420;1;IAO;22336;1414;2793;1778;;;;;;;;;;;;;12;4380;1667;1074;594;1;1
URGENCES2;2017;390000040;390780146;GEN;168;588;1;IAO;44185;5751;8915;9223;3250;821;2;0;0;0;0;0;704;0;0;;13;4745;4469;831;5140;1;1
URGENCES2;2017;390000065;390780161;GEN;168;168;0;;10969;2632;1412;3069;;;;;;;;;;;;;4;1460;1732;618;1342;1;1
URGENCES2;2017;390000222;390780609;GEN;168;420;1;IAO;27471;3833;6468;7188;2506;972;696;42;10;;;;1019;92;71;;4;1440;1363;442;988;1;0
URGENCES2;2017;400000105;400780193;GEN;452;711;1;IAO;44472;5959;10755;8158;2791;1293;120;10;1;;;;581;86;21;;10;3650;10211;5378;5623;1;1
URGENCES2;2017;400000139;400011177;GEN;574;588;1;IAO;35148;6453;8540;9901;3159;1204;107;21;5;;;;;;;;14;5110;3816;1289;2701;1;1
URGENCES2;2017;400782769;400014213;GEN;168;252;0;;8928;1486;1590;1294;761;43;2;0;0;;;;323;7;10;;4;1460;836;605;231;;
URGENCES2;2017;410000020;410000087;GEN;504;780;1;IAO;55471;5873;17213;8625;2195;1652;166;7;3;;;;445;81;48;;10;;2233;84;3354;1;0
URGENCES2;2017;410000038;410000095;GEN;298;483;1;IAO;21126;3259;4609;3725;1586;38;90;5;1;0;0;0;713;156;124;;6;2190;2246;389;2236;1;0
URGENCES2;2017;410000046;410000103;GEN;406;504;1;IAO;24390;3188;6987;5535;;;58;;;0;;;743;;;;4;1460;2668;664;2688;1;1
URGENCES2;2017;420000010;420780033;GEN;280;823;1;IAO;44553;5409;14988;5829;1721;1119;811;420;1;69;21;0;1291;563;36;;8;2920;3252;791;2638;1;
URGENCES2;2017;420000226;420013831;GEN;356;726;1;IAO;25542;2288;7669;5299;1443;862;130;0;1;;;;;;;;6;2190;2627;810;2500;1;1
URGENCES2;2017;420000234;420780652;GEN;361;805;1;IAO;32642;3638;9421;8357;2719;1153;;;;;;;;;;;10;3650;7024;3066;4409;0;1
URGENCES2;2017;420000267;420013831;GEN;168;252;1;IAO;17303;2165;3802;2617;1084;75;28;0;1;;;;;;;;6;2190;1673;247;1732;1;1
URGENCES2;2017;420010050;420787061;GEN;84;139;1;IAO;7629;802;781;1117;236;11;;;;;;;20;;;;2;730;0;0;0;1;0
URGENCES2;2017;420011413;420011405;GEN;238;252;1;IAO;30633;2364;5578;;1177;135;;;;;;;;;;;6;3;211;105;112;1;1
URGENCES2;2017;420780504;420000135;GEN;252;280;1;IAO;22632;1493;4766;1488;;;;;;;;;;;;;5;1825;3168;2716;452;1;1
URGENCES2;2017;420780637;420002495;GEN;;;1;IAO;25157;;;4981;;;;;;;;;;;;;6;2190;2246;571;1935;;
URGENCES2;2017;420782310;420000853;GEN;252;420;1;IAO;28817;1754;5859;4040;191;85;;;;;;;;;;;5;1825;2195;1871;324;1;1
URGENCES2;2017;420785354;420784878;GEN;641;1177;1;IAO;61770;6262;3074;17810;4332;338;;;;;;;;;;;17;6205;13258;4624;9959;1;1
URGENCES2;2017;420785354;420784878;PED;330;781;1;IAO;29540;;;;;;;;;;;;;;;4874;2;730;4654;3360;1300;;
URGENCES2;2017;430000117;430000018;GEN;273;496;1;IAO;40126;4741;8051;13123;3408;1370;28;21;;;;;;;;;8;2920;747;635;114;1;1
URGENCES2;2017;430000190;430000034;GEN;168;287;0;;12876;1576;3055;2184;881;53;1;1;0;0;0;0;109;;;;4;1460;1065;160;1025;1;0
URGENCES2;2017;440000016;440000057;GEN;842;1484;;;78128;7205;19051;22482;5025;3599;35;;3;;;;;;;;10;3650;7696;2479;5753;;
URGENCES2;2017;440000271;440000289;GEN;970;2655;1;IAO;79632;8769;4546;16564;4806;463;1214;57;48;0;0;0;1292;255;43;;20;7059;4214;909;5750;1;1
URGENCES2;2017;440000271;440000289;PED;450;578;1;IAO;36495;;;;;;;;;;;;;;;4382;9;3262;1673;301;1595;;
URGENCES2;2017;440000396;440053643;GEN;238;420;1;IAO;14705;2218;4730;3451;1322;112;45;35;;;;;70;32;;;4;1460;1882;470;1540;1;1
URGENCES2;2017;440000503;440000313;GEN;168;381;1;IAO;21440;3217;5741;;;;;;;;;;;;;;4;1460;3324;1652;1732;0;1
URGENCES2;2017;440041580;440041572;GEN;420;756;1;IAO;30576;5086;1400;7145;;;0;0;0;0;0;0;;;;;8;2920;3861;570;3657;1;0
URGENCES2;2017;450000047;450000096;GEN;708;1008;;;31919;;;5920;;;;;;;;;;;;;10;3650;2973;561;2425;0;0
URGENCES2;2017;450000062;450000104;GEN;661;877;1;IAO;65105;6179;22568;7764;2781;1193;171;8;3;;;;361;84;13;;8;2920;3518;1811;1826;1;1
URGENCES2;2017;450000070;450000112;GEN;168;168;1;IAO;13699;1509;3442;2596;1218;27;;;;;;;;;;;4;1460;1188;237;1067;;
URGENCES2;2017;450000294;450000591;GEN;252;794;1;IAO;31666;3914;1059;2147;842;10;;;;;;;7295;297;358;;8;2920;834;95;926;1;0
URGENCES2;2017;450002613;450000088;GEN;661;1610;1;IAO;79935;7710;2548;18732;4248;256;;;;;;;;;;;0;;15;11;4;1;1
URGENCES2;2017;450002613;450000088;PED;436;392;1;IAO;37781;;;;;;;;;;;;;;;4488;6;2190;881;176;796;;
URGENCES2;2017;460000045;460780083;GEN;39;35;0;;14864;2334;2907;3350;1392;81;0;0;0;3;0;1;178;20;27;;2;730;940;593;353;1;1
URGENCES2;2017;460000052;460780091;GEN;118;242;0;;9860;1439;2174;1454;658;9;6;5;;;;;369;93;65;;4;1460;976;315;731;0;0
URGENCES2;2017;460000102;460780208;GEN;168;252;0;;8630;1593;1654;2005;922;32;11;10;;;;;152;40;18;;3;832;729;261;590;1;1
URGENCES2;2017;460000110;460780216;GEN;168;525;1;IAO;23720;3357;5260;7013;2027;721;;;;;;;;;;;6;2190;2983;1531;1490;1;1
URGENCES2;2017;470000027;470014069;GEN;336;455;1;IAO;26176;3710;4377;4939;2054;276;;;;;;;;;;;10;3650;3381;2221;1319;1;1
URGENCES2;2017;470000423;470016171;GEN;314;616;1;IAO;35615;4697;8888;7888;2401;1094;3;1;2;;;;;;;;8;2920;3074;1190;1969;1;1
URGENCES2;2017;470000431;470000324;GEN;254;420;1;IAO;31057;4562;7453;5762;;;;;;;;;495;;;;5;1825;4282;2345;2047;1;1
URGENCES2;2017;470000480;470001660;GEN;336;504;1;IAO;23603;4263;5063;7412;2731;902;396;305;0;;;;1407;565;32;;3;1095;3340;1504;1869;1;1
URGENCES2;2017;480000017;480780097;GEN;168;336;0;;19947;2243;4545;4321;1217;499;;;;;;;;;;;4;1460;1292;469;861;0;1
URGENCES2;2017;490000049;490000031;GEN;603;1252;1;MAO;56698;9831;2210;13820;4897;165;24;14;0;0;0;0;1775;289;81;;13;4737;8632;2241;6711;1;1
URGENCES2;2017;490000049;490000031;PED;180;466;1;IAO;26604;;;;;;;;;;;;;;;3647;8;2920;1128;411;726;;
URGENCES2;2017;490000635;490000676;GEN;456;1330;1;IAO;61453;6607;20493;12868;3760;2107;276;10;10;;;;;;;;8;2920;3229;906;2444;0;1
URGENCES2;2017;490001765;490528452;GEN;406;504;1;IAO;31445;3689;11018;4447;1886;817;68;10;0;;;;725;143;38;;5;1825;4751;2214;2879;0;1
URGENCES2;2017;490014909;490008109;GEN;272;521;1;IAO;31070;2378;7099;4356;;;;;;;;;;;;;3;1095;391;154;238;1;1
URGENCES2;2017;500000021;500000054;GEN;376;468;1;IAO;22391;3942;3301;6658;2544;211;22;16;;;;;497;129;18;;4;1460;2767;647;2260;1;1
URGENCES2;2017;500000187;500000013;GEN;390;1008;1;IAO;45929;6372;6412;12915;4287;196;4;1;;1;;;696;43;16;;12;4380;4084;1098;3420;1;0
URGENCES2;2017;500000260;500000054;GEN;168;168;0;;16322;2706;3260;4105;1590;138;6;4;2;;;;150;39;11;;4;;2438;1242;1255;0;0
URGENCES2;2017;500000427;500000096;GEN;39;35;1;IAO;9329;582;770;1100;;;1;;;;;;101;;;;2;730;815;547;311;1;0
URGENCES2;2017;500000450;500000112;GEN;168;462;1;IAO;47155;4825;15211;9299;2841;1267;3;0;0;0;0;0;0;0;0;;3;1044;980;279;738;1;0
URGENCES2;2017;500000591;500000393;GEN;168;420;1;IAO;16204;2851;2829;3589;2057;19;1;0;0;0;0;0;475;134;8;;5;1825;1346;384;1004;0;0
URGENCES2;2017;510000169;510000037;GEN;354;561;1;IAO;29905;3167;6525;6215;1868;1044;6;3;0;0;0;0;0;0;0;;8;2920;1865;294;2023;1;1
URGENCES2;2017;510000185;510000532;GEN;210;434;1;IAO;16139;;1696;3513;;;;;;;;;;;;;8;2920;672;206;511;1;0
URGENCES2;2017;510000193;510000532;GEN;168;308;1;IAO;16131;1110;2034;2646;531;56;;;;;;;;;;;7;2555;2527;1240;1370;1;1
URGENCES2;2017;510000235;510000060;GEN;193;532;1;IAO;21005;3675;4676;4818;1672;534;;;;;;;;;;;3;1095;1053;314;837;1;1
URGENCES2;2017;510000250;510000078;GEN;168;267;1;IAO;15194;2154;3585;2672;1065;374;;;;;;;;;;;4;1460;727;201;577;1;1
URGENCES2;2017;510002470;510000029;PED;218;914;1;IAO;26837;;;;;;;;;;;;;;;3336;8;2920;2601;462;2271;;
URGENCES2;2017;510004302;510000029;GEN;436;1435;1;IAO;50856;6737;1932;9700;3189;110;375;39;10;;;;703;38;7;;12;4380;3007;435;3294;1;1
URGENCES2;2017;520000027;520780032;GEN;44;630;1;IAO;13971;2054;2786;2870;1227;22;;;;;;;;;;;4;;2195;547;1827;1;1
URGENCES2;2017;520000043;520780057;GEN;96;252;;;13971;2054;2786;2870;1227;22;;;;;;;847;167;152;;4;;1025;390;715;1;1
URGENCES2;2017;520000068;520780073;GEN;252;504;1;IAO;24507;2825;5879;;;;;;;;;;;;;;4;1460;1020;253;897;;
URGENCES2;2017;530000017;530000025;GEN;168;322;0;;18115;3261;4048;4997;2126;164;;;;;;;491;;;;1;365;975;396;595;0;1
URGENCES2;2017;530000173;530000074;GEN;385;588;1;IAO;22705;3494;4401;5249;2123;11;275;43;0;0;0;0;360;85;56;;6;2190;1990;181;2067;1;1
URGENCES2;2017;530000264;530000371;GEN;420;675;1;IAO;45239;4702;16014;7359;2242;1794;48;4;3;4;;;263;73;17;;11;4015;3151;466;3005;0;0
URGENCES2;2017;540000015;540023264;PED;208;63;0;;1475;;;;;;;;;;;;;;;1402;;;;;;;
URGENCES2;2017;540000023;540000049;GEN;336;420;0;;16376;1759;3667;3334;1072;78;0;0;0;;;;319;71;48;;4;1460;1620;386;1312;1;1
URGENCES2;2017;540000155;540000080;GEN;218;252;0;;17946;2584;3996;4175;1501;522;;;;6;;;479;50;79;;4;1460;1509;428;1140;1;1
URGENCES2;2017;540000296;540000106;GEN;168;168;;;12279;2003;2087;1623;;;8;;;;;;978;;;;3;1095;1518;406;1258;1;1
URGENCES2;2017;540000486;540000932;GEN;168;840;0;;16891;;;;;;;;;;;;;;;;8;2920;6679;4714;2321;1;1
URGENCES2;2017;540001070;540000767;GEN;168;438;1;IAO;32378;2885;11409;5337;1645;1129;114;3;1;;;;;;;;4;;1503;649;942;;
URGENCES2;2017;540001096;570010181;GEN;168;252;1;IAO;21830;2937;4288;5317;1792;158;157;15;;2;;;400;50;177;;7;2555;3429;1881;2213;1;0
URGENCES2;2017;540001138;540023264;GEN;532;1344;1;IAO;60033;6264;1005;13824;3760;93;9;0;0;0;0;0;1821;211;32;;16;5776;10211;3571;8886;1;1
URGENCES2;2017;540002698;540023264;PED;170;672;1;IAO;26101;;;;;;;;;;;;;;;5084;1;365;1445;1175;273;;
URGENCES2;2017;550000012;550006795;GEN;386;756;1;IAO;28655;3290;6927;6947;2170;839;702;28;33;3;3;3;231;27;40;;6;;1425;559;892;1;1
URGENCES2;2017;550000434;550003354;GEN;381;588;1;IAO;18876;2720;4411;4427;1310;939;14;13;0;0;0;0;1172;338;55;;4;1460;1677;484;1326;1;1
URGENCES2;2017;560000127;560023210;GEN;621;1581;1;IAO;72582;8799;20388;18696;5426;2371;4;3;0;;;;2007;395;51;;16;5840;7367;725;8007;1;0
URGENCES2;2017;560000135;560005746;GEN;775;1145;1;IAO;60936;7315;16874;10639;3225;2354;10;;;;;;1522;247;84;;9;3285;7425;2531;5434;1;1
URGENCES2;2017;560000143;560014748;GEN;220;504;1;IAO;29270;4816;5998;9098;;;0;;;0;;;424;;;;12;4380;2735;378;2587;1;1
URGENCES2;2017;560000192;560000044;GEN;168;308;1;IAO;20427;3716;3683;5419;2364;97;134;97;0;5;1;;443;98;73;;6;2190;1747;255;1548;0;0
URGENCES2;2017;560000200;560023210;GEN;77;84;1;IAO;1089;121;268;100;53;1;0;0;0;;;;0;0;0;;;;0;0;0;0;0
URGENCES2;2017;570000059;570025254;GEN;252;720;1;IAO;44490;3290;18304;6694;1664;2320;5;4;0;;;;1220;200;24;;6;2190;2475;519;2259;1;1
URGENCES2;2017;570000117;570015099;GEN;168;504;1;IAO;22332;2501;4825;3962;1439;435;;;;2;2;;718;64;46;;4;1460;1999;1096;953;1;1
URGENCES2;2017;570000216;570010181;GEN;374;392;1;IAO;24376;;;;;;;;;;;;;;;;4;1460;2866;1524;1435;1;1
URGENCES2;2017;570000349;570005165;GEN;504;1250;1;IAO;57472;6291;19937;9183;2399;1399;535;99;2;0;0;0;2211;1041;63;;15;5475;4755;526;4968;1;1
URGENCES2;2017;570000596;750821092;GEN;250;710;1;IAO;23366;802;2099;1376;286;15;24;1;0;0;0;0;25;7;0;;6;2190;1413;631;821;1;1
URGENCES2;2017;570000646;570001115;GEN;168;336;0;;19179;1670;3967;50;7;1;;;;;;;;;;;5;1825;1966;1218;773;1;1
URGENCES2;2017;570000901;570000158;GEN;267;590;1;IAO;42060;4130;12877;9362;2631;1722;;;;;;;;;;;5;1825;2841;939;2019;1;1
URGENCES2;2017;570026682;570005165;GEN;602;1400;1;IAO;69399;7355;21958;10864;2555;1840;13;5;0;0;0;0;3516;980;166;;20;7300;7896;1438;7396;1;1
URGENCES2;2017;580972669;580780070;GEN;168;168;;;10415;1511;2410;966;549;2;;;;;;;293;45;66;;2;730;676;411;283;1;0
URGENCES2;2017;580972677;580780088;GEN;168;262;1;IAO;14140;2746;2707;853;;;0;;;0;;;1117;;;;2;730;1107;513;644;1;1
URGENCES2;2017;580972685;580780096;GEN;168;168;;;13678;2022;2670;3368;1386;41;3;;;;;;45;;;;2;730;733;243;592;0;1
URGENCES2;2017;580972693;580780039;GEN;644;1008;1;IAO;41543;5286;12361;7152;3063;39;12;7;;;;;550;246;;;10;3480;3748;757;3350;1;1
URGENCES2;2017;590000121;590780227;GEN;700;812;1;IAO;48222;3354;15129;9764;2049;1497;31;19;0;0;0;0;233;19;34;;8;2920;2386;405;2189;0;1
URGENCES2;2017;590000337;590781415;GEN;379;1283;1;IAO;59459;5716;13033;16789;;;;;;;;;;;;;9;3285;6563;3217;3652;1;0
URGENCES2;2017;590000428;590781605;GEN;238;682;1;IAO;32375;5066;9014;11623;;;;;;;;;;;;;10;3600;8914;4275;4905;0;0
URGENCES2;2017;590000436;590781621;GEN;1040;1811;1;IAO;10785;1336;3533;;;;;;;;;;;;;;5;;2297;678;1885;0;1
URGENCES2;2017;590000469;590781662;GEN;231;574;1;IAO;16176;1411;4705;4728;1042;660;0;0;0;0;0;0;289;36;91;;12;2190;2415;812;1806;1;0
URGENCES2;2017;590000535;590781803;GEN;460;1162;1;IAO;59426;4361;17337;8079;1783;1657;678;10;17;;;;761;235;23;;12;4380;5272;2082;3498;1;1
URGENCES2;2017;590000592;590782165;GEN;331;581;1;IAO;29639;3875;6038;3539;1513;0;222;98;0;;;;400;;;;6;2190;3588;1611;2055;1;1
URGENCES2;2017;590000618;590782215;GEN;784;1507;1;IAO;64845;9452;1815;10457;2769;169;;;;;;;;;;;17;6205;13016;6279;7159;1;
URGENCES2;2017;590000618;590782215;PED;266;333;1;IAO;28565;;;;;;;;;;;;;;;5737;8;2920;3356;1727;1646;;
URGENCES2;2017;590000758;590782637;GEN;278;720;1;IAO;34067;2877;12865;9791;;;0;;;0;;;848;;;;8;;8810;6198;2706;1;1
URGENCES2;2017;590000774;590782652;GEN;168;336;1;IAO;17572;2097;3307;3820;1307;181;;;;;;;94;36;2;;4;;2226;1434;809;0;0
URGENCES2;2017;590001004;590783239;GEN;;1428;1;IAO;68054;7106;21433;16623;4253;3086;351;0;8;;;;;;;;11;4015;5492;901;5150;1;0
URGENCES2;2017;590001749;590788956;GEN;168;313;0;;13273;939;3547;1654;626;14;;;;;;;;;;;2;730;323;226;98;0;0
URGENCES2;2017;590008041;590008033;GEN;168;564;;;14816;;;;;;;;;;;;;;;;10;;711;45;787;;
URGENCES2;2017;590780284;590051801;GEN;;;1;IAO;24987;4808;2857;8775;3185;231;;;;;;;;;;;7;2555;5494;3071;2669;;
URGENCES2;2017;590796975;590780193;GEN;611;1985;1;IAO;115899;7468;3471;16775;3684;394;842;21;51;8039;3508;280;1663;276;36;;13;4745;19991;11171;8850;1;1
URGENCES2;2017;590796975;590780193;PED;384;551;1;IAO;28925;;;;;;;;;;;;;;;6193;10;3650;6004;3152;2902;;
URGENCES2;2017;590797353;590051801;GEN;;;1;IAO;42052;2637;4631;10501;1789;604;;;;;;;;;;;7;2555;5519;2100;3928;;
URGENCES2;2017;590797353;590051801;PED;;;0;;21659;;;;;;;;;;;;;;;3196;5;1825;1235;452;796;;
URGENCES2;2017;590801106;590782421;GEN;893;1351;1;IAO;49740;;;8655;;;1;;;;;;1337;;;;20;7300;5833;3044;2890;;
URGENCES2;2017;590801106;590782421;PED;86;235;1;IAO;27616;;;;;;;;;;;;;;;4692;20;0;813;688;125;;
URGENCES2;2017;590804696;590781902;GEN;567;924;1;IAO;49151;4716;14391;9573;2790;1753;4;2;0;;;;919;54;98;;8;2920;3722;1800;1943;1;1
URGENCES2;2017;590816310;590000048;GEN;168;266;1;IAO;16027;628;4865;961;117;68;;;;;;;;;;;3;1095;13;12;1;1;1
URGENCES2;2017;600000053;600101984;GEN;469;639;1;IAO;20739;2604;2591;2589;1188;11;4;4;;;;;172;55;4;;6;2190;1763;245;1735;1;0
URGENCES2;2017;600000186;600100648;GEN;168;420;1;IAO;26282;2106;6345;2350;779;56;146;146;;;;;953;194;90;;3;1095;879;330;572;1;1
URGENCES2;2017;600000194;600100713;GEN;504;1232;1;IAO;45376;6004;5375;7937;2928;97;370;292;0;0;0;0;1360;574;8;;12;4380;4258;1827;2765;1;1
URGENCES2;2017;600000194;600100713;PED;156;300;1;IAO;19419;;;;;;;;;;;;;;;2534;4;1460;453;115;355;;
URGENCES2;2017;600000285;600100721;GEN;168;252;1;IAO;18322;2091;4771;1833;900;2;;;;;;;;;;;3;1095;784;160;677;0;1
URGENCES2;2017;600000467;600101984;GEN;653;1159;1;IAO;35982;3791;4637;5811;1454;115;;;;;;;372;136;5;;12;4380;3377;312;4046;1;1
URGENCES2;2017;600000467;600101984;PED;152;539;0;;21160;;;;;;;;;;;;;;;2683;6;2190;1282;494;846;;
URGENCES2;2017;600100754;600000228;GEN;189;356;1;IAO;19615;587;3735;2165;;;;;;;;;;;;;5;1825;362;156;212;1;1
URGENCES2;2017;600113476;600100721;GEN;468;972;1;IAO;54173;5089;8662;11899;2670;1877;;;;;;;;;;;12;4380;3777;255;4154;0;1
URGENCES2;2017;600113476;600100721;PED;336;280;1;IAO;17035;;;;;;;;;;;;;;;1586;;;0;0;0;;
URGENCES2;2017;610000044;610780074;GEN;168;331;1;IAO;17063;2021;4045;2882;1011;92;;;;;;;;;;;4;1460;2153;1272;927;1;0
URGENCES2;2017;610000051;610780082;GEN;420;871;1;IAO;37014;4660;7151;6928;2407;594;10;7;0;0;0;0;597;156;11;;8;2920;2096;535;2272;0;1
URGENCES2;2017;610000069;610780090;GEN;168;672;1;IAO;27880;3062;10424;7366;2175;1548;;;;;;;186;18;12;;5;1825;5808;3935;1962;1;1
URGENCES2;2017;610000077;610780124;GEN;168;168;1;IAO;8004;1246;1746;1568;689;7;19;6;0;0;0;0;158;40;92;;2;730;720;197;556;1;0
URGENCES2;2017;610000119;610780165;GEN;386;624;1;IAO;31346;;;7502;;;;;;;;;;;;;6;2190;5132;2295;3622;;1
URGENCES2;2017;610780116;610790594;GEN;168;217;1;IAO;11295;1900;1962;2164;1044;6;41;28;0;;;;484;106;89;;3;1095;969;124;960;0;0
URGENCES2;2017;620000034;620100057;GEN;386;909;1;IAO;40179;5117;5559;9398;3060;204;598;291;11;;;;1420;660;95;;8;2920;8853;5470;3444;1;1
URGENCES2;2017;620000034;620100057;PED;168;196;1;IAO;10431;;;;;;;;;;;;;;;2438;4;1460;1088;672;417;;
URGENCES2;2017;620000224;620100651;GEN;368;1060;1;IAO;43892;5431;10354;10691;2352;1909;309;224;;;;;2077;748;85;;6;2190;802;579;223;0;1
URGENCES2;2017;620000257;620100685;GEN;455;1245;1;IAO;63453;5565;24206;11846;2421;3546;718;12;20;;;;1037;384;45;;16;5840;6922;632;7698;1;0
URGENCES2;2017;620000323;620101337;GEN;574;1174;1;IAO;47822;3748;2162;11875;2473;1965;;;;;;;;;;;12;4380;5176;921;4753;1;1
URGENCES2;2017;620000349;620101360;GEN;294;1115;1;IAO;36289;4007;10406;7671;2157;1630;6;3;;;;;1041;127;79;;7;2555;4919;490;4897;1;0
URGENCES2;2017;620000653;620103440;GEN;336;1057;1;IAO;46724;5318;8041;9959;2705;541;579;24;18;0;0;0;187;35;11;;10;3650;10332;6900;3761;1;1
URGENCES2;2017;620000653;620103440;PED;168;1057;;;8141;;;;;;;;;;;;;;;2128;4;1460;410;384;28;;
URGENCES2;2017;620003202;620103432;GEN;336;481;1;IAO;31092;3683;8435;7947;2573;1608;388;41;8;;;;;;;;6;2190;3280;850;2606;1;0
URGENCES2;2017;620003350;620001834;GEN;444;685;1;IAO;19591;2183;4170;;;;;;;;;;;;;;2;;1058;928;132;1;1
URGENCES2;2017;620003376;620001834;GEN;540;750;1;IAO;24908;3782;3399;6497;2109;135;;;;;;;530;;;;5;1825;3534;1380;2436;1;0
URGENCES2;2017;620025346;620001834;GEN;420;617;1;IAO;23779;2822;5361;6297;;;1;;;;;;;;;;7;;2769;1758;1139;;1
URGENCES2;2017;620100735;620000265;GEN;168;280;1;IAO;16650;593;4125;2939;;;;;;;;;496;;;;6;2190;1064;745;330;1;1
URGENCES2;2017;630000404;630780989;GEN;48;1488;1;IAO;54116;6852;2228;11401;2112;208;733;144;34;0;0;0;4214;1994;17;;20;7300;9013;2355;7267;0;0
URGENCES2;2017;630000412;630780997;GEN;168;280;0;;10185;1098;2264;1474;;;;;;;;;382;;;;4;1460;674;181;593;0;1
URGENCES2;2017;630000420;630781003;GEN;168;168;1;IAO;17517;2461;3668;2498;1130;15;0;0;0;0;0;0;403;;;;2;730;1071;520;603;1;0
URGENCES2;2017;630000438;630781011;GEN;168;259;1;IAO;17364;;;;;;;;;;;;;;;;8;2920;1799;343;1847;;
URGENCES2;2017;630000446;630781029;GEN;168;168;1;IAO;14633;2061;2478;3084;1165;55;112;;;0;;;283;;;;4;1460;1447;359;1334;1;0
URGENCES2;2017;630780211;630000107;GEN;210;324;1;IAO;23031;821;2128;1649;243;13;;;;;;;19;;;;2;730;395;325;72;1;1
URGENCES2;2017;630781268;630780989;PED;0;525;1;IAO;29612;;;;;;;;;;;;;;;3167;4;1460;1105;320;830;;
URGENCES2;2017;640000162;640780417;GEN;742;994;;;46906;5344;5550;17833;3734;511;643;21;38;;;;;;;;8;2920;4186;1216;3241;1;1
URGENCES2;2017;640000162;640780417;PED;168;;0;;12209;;;;;;;;;;;;;;;3057;5;1825;1479;1058;436;;
URGENCES2;2017;640000402;640780813;GEN;168;336;0;;12992;2094;2848;2400;;;0;;;0;;;;;;;4;1460;1394;570;861;0;0
URGENCES2;2017;640000410;640780821;GEN;263;407;1;IAO;13936;;;;1403;148;;;;;;;;;;;2;730;1108;586;526;1;0
URGENCES2;2017;640000600;640781290;GEN;926;1320;1;IAO;65921;6715;23001;10262;3218;1857;;;;;;;;;;;13;4745;7369;3623;3949;;0
URGENCES2;2017;640017646;640017638;GEN;168;168;1;IAO;9260;1395;1949;2060;750;30;0;0;0;0;0;0;132;26;36;;2;730;853;729;213;0;0
URGENCES2;2017;640018206;640012209;GEN;168;245;1;IAO;12332;1241;2101;3725;756;175;;;;;;;;;;;4;1460;923;679;244;1;1
URGENCES2;2017;640780490;640000212;GEN;168;217;1;IAO;17984;1940;2991;1649;885;27;;;;;;;;;;;4;1460;3228;2857;374;1;1
URGENCES2;2017;640780748;640000360;GEN;263;346;0;;16132;2117;3001;5036;1507;226;0;0;0;0;0;0;116;26;40;;9;3285;5001;3395;1629;1;1
URGENCES2;2017;640780938;640000451;GEN;168;168;0;;11487;;;1618;;;;;;;;;;;;;2;730;371;293;78;1;0
URGENCES2;2017;650000045;650780158;GEN;336;504;1;IAO;18011;2849;3302;1660;868;19;21;20;0;;;;595;127;61;;6;2190;2217;907;1349;1;
URGENCES2;2017;650000052;650780166;GEN;168;168;0;;6929;782;1705;427;287;;4;;;;;;603;;;;2;730;32;31;1;0;0
URGENCES2;2017;650000417;650783160;GEN;406;888;1;IAO;39799;5434;12507;7485;2299;1610;33;23;0;0;0;0;269;51;12;;4;1460;4038;2157;2060;1;
URGENCES2;2017;650780679;650000243;GEN;168;336;1;IAO;9743;1662;696;;;;;;;;;;;;;;3;1095;377;237;149;1;1
URGENCES2;2017;650784218;650780174;GEN;168;546;1;IAO;13408;1713;2922;2389;821;94;190;69;22;;;;211;41;30;;2;730;1142;723;420;1;1
URGENCES2;2017;660000084;660780180;GEN;630;1442;1;IAO;56678;8608;6826;14796;5102;363;18;13;;30;7;;;;;;21;7665;7579;3663;4953;1;1
URGENCES2;2017;660000084;660780180;PED;168;336;1;IAO;20366;;;;;;;;;;;;;;;2252;5;1825;313;155;160;;
URGENCES2;2017;660780628;660000282;GEN;168;168;1;IAO;13034;1730;2639;1681;927;34;;;;;;;208;37;18;;2;730;488;304;187;1;1
URGENCES2;2017;660780776;660000399;GEN;168;168;1;IAO;9600;1000;2600;1440;;;;;;;;;;;;;2;730;295;212;86;1;1
URGENCES2;2017;660780784;660000407;GEN;399;413;1;IAO;27847;2530;4693;;;;;;;;;;;;;;2;;893;468;425;;
URGENCES2;2017;660790387;660790379;GEN;;;;;;;;;;;;;;;;;;;;;;;587;451;136;;
URGENCES2;2017;670000025;670780055;GEN;536;1330;1;MAO;32240;5112;817;9786;3137;36;89;9;2;;;;1419;443;5;;18;6570;17072;6980;12235;1;1
URGENCES2;2017;670000157;670780337;GEN;429;1130;1;IAO;47929;4775;15069;10087;3350;1147;;;;;;;;;;;11;4015;4468;485;4657;1;0
URGENCES2;2017;670000165;670780345;GEN;360;875;1;IAO;26814;2907;9275;5348;2042;640;122;88;;;;;939;427;38;;8;2920;2152;397;1996;1;0
URGENCES2;2017;670000272;670780543;GEN;240;175;1;IAO;13277;1580;2915;2571;986;59;9;5;0;0;0;0;319;35;61;;2;730;342;121;221;1;1
URGENCES2;2017;670000397;670017755;GEN;395;770;1;IAO;32359;3320;8578;7208;2119;856;0;0;0;0;0;0;743;172;104;;8;1464;3359;750;2830;1;1
URGENCES2;2017;670018068;670017847;GEN;224;575;1;IAO;28653;681;6233;433;78;51;12;7;0;0;0;0;4;1;0;;8;2920;1778;1096;691;1;1
URGENCES2;2017;670780212;670014604;GEN;168;35;1;IAO;17963;530;4604;2357;379;49;;;;;;;5;;;;5;1825;2339;1542;802;1;0
URGENCES2;2017;670783273;670780055;GEN;504;1505;1;MAO;56327;6338;2448;6448;1593;29;93;16;1;;;;2184;990;2;;14;5110;16035;8904;8587;1;1
URGENCES2;2017;670783273;670780055;PED;532;753;1;IAO;39127;;;;;;;;;;;;;;;4120;8;2920;4183;2332;1974;;
URGENCES2;2017;680000320;680000643;GEN;168;408;1;IAO;28527;2714;4445;6660;1700;59;;;;;;;236;29;52;;4;1460;3034;2326;787;1;1
URGENCES2;2017;680000494;680000643;GEN;168;168;1;IAO;8640;268;2085;754;41;121;;;;;;;;;;;2;360;0;0;0;1;0
URGENCES2;2017;680000544;680020336;GEN;168;266;1;IAO;15211;1797;2952;1945;765;89;;;;;;;31;1;0;;2;730;536;115;446;0;0
URGENCES2;2017;680000627;680020336;GEN;178;277;0;;16019;;16019;2255;;2255;;;;;;;;;;;2;730;909;375;567;;
URGENCES2;2017;680000684;680000973;GEN;816;1571;1;IAO;69770;6360;22974;15823;;3195;;;;;;;;;;;19;6935;5018;896;4682;1;1
URGENCES2;2017;680000700;680001005;GEN;168;336;;;16738;1742;3288;998;500;;4;;;;;;1083;;;;3;1095;485;168;321;0;0
URGENCES2;2017;680004546;680020336;GEN;574;1225;1;IAO;66848;8192;8234;10857;3448;463;;;;;;;;;;;15;5475;4478;739;4316;0;0
URGENCES2;2017;680020096;680020336;GEN;168;252;1;IAO;17891;1463;3689;264;76;17;;;;;;;1234;441;20;;;;0;0;0;1;0
URGENCES2;2017;690000013;690780036;GEN;336;84;0;;18304;1451;3865;2112;721;25;;;;;;;270;63;5;;3;1095;1239;514;757;1;1
URGENCES2;2017;690000575;690782222;GEN;639;1143;1;IAO;66951;6277;29060;11413;;;21;;;;;;1712;;;;15;5475;6237;1656;5065;1;1
URGENCES2;2017;690000625;690782271;GEN;322;336;0;;20083;2245;4248;884;;;145;;;;;;623;;;;6;;2156;497;1692;1;1
URGENCES2;2017;690007539;690781810;PED;476;1680;1;IAO;95145;;;;;;;;;;;;;;;7166;18;5840;3844;690;3609;;
URGENCES2;2017;690023411;690000252;GEN;276;413;1;IAO;27863;1926;4112;1787;362;11;0;0;0;0;0;0;409;205;5;;4;1460;1786;1219;599;1;0
URGENCES2;2017;690780093;750821092;GEN;276;564;1;IAO;27770;2673;;;;;;;;;;;;;;;4;1460;735;194;554;0;1
URGENCES2;2017;690780382;690006598;GEN;168;252;0;;20333;1756;7947;;;;;;;;;;;;;;2;;274;155;126;1;1
URGENCES2;2017;690780390;690000229;GEN;203;252;1;IAO;21038;1955;3632;2513;875;70;;;;;;;137;26;18;;5;1825;764;182;610;1;1
URGENCES2;2017;690780416;690031190;GEN;290;602;1;IAO;26967;2636;2937;2341;876;8;0;0;0;0;0;0;771;241;87;;8;2856;3087;828;2511;1;1
URGENCES2;2017;690780648;690036900;GEN;245;455;1;IAO;25078;2770;1668;4094;;;;;;;;;;;;;6;2190;1821;876;961;1;1
URGENCES2;2017;690780655;690000377;GEN;252;497;1;IAO;35200;2888;;;;;;;;;;;;;;;6;194;259;65;194;0;1
URGENCES2;2017;690782834;690000724;GEN;168;478;1;IAO;24242;1978;1740;238;78;1;;;;;;;;;;;4;1460;845;219;716;1;1
URGENCES2;2017;690783154;690781810;GEN;1191;1936;1;IAO;114274;8578;;17062;5150;;;;;0;0;;1940;189;;;24;7427;8537;1648;7784;1;1
URGENCES2;2017;690784137;690781810;GEN;541;419;1;IAO;34175;5326;;10273;3534;;;;;;;;305;70;;;18;6570;4233;654;5487;1;1
URGENCES2;2017;690784152;690781810;GEN;468;896;1;IAO;23912;3465;;5170;2149;;20;;;;;;102;42;;;8;2920;3840;645;3248;1;1
URGENCES2;2017;690805361;690805353;GEN;510;1414;1;IAO;38293;5123;978;5305;1762;32;;;;;;;2210;1216;45;;13;4745;4162;120;5809;1;1
URGENCES2;2017;690807367;690003447;GEN;168;287;1;IAO;17436;647;3226;1163;;;0;;;0;;;46;;;;2;730;289;267;23;1;1
URGENCES2;2017;700000011;700780026;GEN;168;168;1;IAO;10827;1888;1987;2181;1053;13;;;;;;;;;;;2;730;664;259;430;1;1
URGENCES2;2017;700000029;700004591;GEN;396;567;1;IAO;31697;4320;6790;12188;3266;2240;;;;;;;475;38;71;;10;3650;6131;2806;3599;1;1
URGENCES2;2017;710010067;710780644;GEN;218;300;1;IAO;25136;3480;6437;;;;;;;;;;;;;;5;1825;1704;556;1226;0;0
URGENCES2;2017;710010786;710781451;GEN;168;259;1;IAO;15276;2560;3872;3164;1330;374;1;1;;;;;464;166;45;;2;730;607;524;84;0;0
URGENCES2;2017;710978263;710780958;GEN;396;496;1;IAO;59639;5593;19095;12903;3264;2308;;;;;;;;;;;8;2598;4214;1031;3986;1;0
URGENCES2;2017;710978289;710780263;GEN;505;994;1;IAO;53519;;15804;;;;;;;;;;;;;;10;3650;569;501;68;1;1
URGENCES2;2017;710978313;710976705;GEN;168;168;1;IAO;24146;969;4532;5254;552;45;;;;;;;;;;;6;2160;2503;1009;1669;1;1
URGENCES2;2017;710978347;570010181;GEN;252;420;1;IAO;31274;3290;9344;5943;1912;224;0;0;0;0;0;0;579;92;113;;2;730;1475;1475;0;;
URGENCES2;2017;720000033;720000025;GEN;580;1721;1;IAO;58981;11260;139;15246;5990;31;16;13;;;;;1188;108;5;;22;8030;18405;9636;9381;1;1
URGENCES2;2017;720000033;720000025;PED;336;799;1;IAO;31579;;;;;;;;;;;;;;;5750;9;2625;3290;1489;1884;;
URGENCES2;2017;720000124;720000066;GEN;168;168;0;;9077;1327;1910;1153;576;2;25;16;;;;;542;112;74;;3;1095;477;160;341;0;0
URGENCES2;2017;720000470;610780082;GEN;112;220;0;;7198;1224;1345;1432;0;33;1;0;0;0;0;0;94;19;14;;3;1095;607;358;254;0;1
URGENCES2;2017;720000520;720000140;GEN;168;168;;;8215;1262;1756;893;566;;4;4;;;;;311;;;;4;1460;552;287;282;;
URGENCES2;2017;720001437;720006022;GEN;255;266;0;;13064;2361;2443;3117;1340;25;0;0;0;0;0;0;446;60;119;;4;1460;1359;210;1241;1;
URGENCES2;2017;720016179;720016724;GEN;238;545;1;IAO;25582;3385;6054;4081;1610;662;18;13;0;0;0;0;524;57;57;;4;1460;2531;572;2193;1;0
URGENCES2;2017;720017748;720000561;GEN;252;656;1;IAO;37591;3029;4374;4775;;;164;;;;;;;;;;7;2555;1754;516;1382;1;1
URGENCES2;2017;730000031;730000015;GEN;213;1240;1;IAO;68190;6565;19767;16713;4363;3539;7;4;0;2;2;0;;;;;16;5330;5243;760;4731;1;1
URGENCES2;2017;730000049;730002839;GEN;168;84;0;;1909;44;592;5;2;;;;;;;;4;;2;;0;0;0;0;0;0;0
URGENCES2;2017;730000080;730780103;GEN;336;504;1;IAO;15080;1578;3257;3528;;;12;;;0;;;518;;;;2;730;1141;591;593;1;1
URGENCES2;2017;730000098;730000015;GEN;168;342;1;IAO;18089;2412;3035;3189;1380;18;9;7;0;5;0;0;;;;;3;1095;954;176;796;1;0
URGENCES2;2017;730000247;730780525;GEN;196;247;1;IAO;15313;827;3418;3286;434;304;;;;;;;423;27;120;;6;2190;1467;567;938;1;1
URGENCES2;2017;730000262;730002839;GEN;288;490;1;IAO;29698;3030;7079;8315;1939;1270;0;0;0;0;0;0;772;82;53;;12;3352;1866;206;1684;0;0
URGENCES2;2017;730004298;730010048;GEN;188;420;1;IAO;25432;1991;7020;1956;265;121;;;;;;;;;;;6;2190;718;392;329;0;0
URGENCES2;2017;740000237;740781133;GEN;672;1365;1;IAO;73825;7263;20400;17150;3599;2974;277;3;4;;;;634;290;16;;16;5840;6522;2204;4961;1;1
URGENCES2;2017;740000294;740781208;GEN;63;63;0;;5363;378;1434;;;;;;;;;;;;;;;;0;0;0;0;0
URGENCES2;2017;740000302;740781133;GEN;406;160;1;IAO;24619;2393;5517;3834;1347;57;1;0;0;4;1;0;259;37;98;;8;2374;2194;537;1780;1;1
URGENCES2;2017;740000328;740790381;GEN;542;728;1;IAO;40515;3826;10098;8270;2105;1533;184;3;8;;;;247;29;17;;15;5475;1783;48;1823;1;1
URGENCES2;2017;740014345;740000617;GEN;252;420;1;IAO;43853;896;10153;3318;199;316;;;;;;;26;;;;6;185;184;47;153;1;1
URGENCES2;2017;740780424;740000120;GEN;168;272;1;IAO;17721;816;4097;884;138;53;0;;;0;;;;;;;4;1460;235;45;219;1;1
URGENCES2;2017;740781141;740790258;GEN;492;1307;1;IAO;54753;4275;17220;11121;2332;1623;;;;;;;;;;;9;3285;1960;46;2017;1;1
URGENCES2;2017;740781224;740001839;GEN;379;670;1;IAO;38924;3394;9365;9283;2105;1699;;;;;;;371;38;40;;10;3650;2369;274;2599;1;1
URGENCES2;2017;750000523;750150120;GEN;491;1352;1;IAO;51481;7947;1317;15107;5286;113;;;;;;;578;140;14;;10;3650;5212;2520;2700;1;1
URGENCES2;2017;750000549;750150229;GEN;170;205;1;IAO;45081;2829;7120;857;124;111;;;;;;;;;;;2;730;393;336;57;1;1
URGENCES2;2017;750100018;750712184;GEN;204;757;1;IAO;26318;394;1245;1326;;;;;;;;;;;;;4;1460;842;285;655;1;1
URGENCES2;2017;750100042;750712184;GEN;386;2084;1;IAO;172466;7973;5614;17064;3412;280;31;1;0;;;;1813;119;90;;24;8760;6937;824;6647;1;1
URGENCES2;2017;750100075;750712184;GEN;500;672;1;IAO;39204;2116;1142;5265;852;67;;;;;;;666;53;28;;7;2555;3081;1016;2771;1;1
URGENCES2;2017;750100091;750712184;GEN;805;1799;1;IAO;62886;6355;1316;13243;3819;100;50;0;0;0;0;0;1412;166;40;;11;4015;8550;2486;6629;1;1
URGENCES2;2017;750100109;750712184;PED;;953;1;IAO;54207;;;;;;;;;;;;;;;7339;12;2910;7074;3797;3399;;
URGENCES2;2017;750100125;750712184;GEN;647;1344;1;IAO;67300;7742;1240;12144;2771;;45;1006;;;;;1379;;;;20;7300;8616;1347;8662;1;1
URGENCES2;2017;750100166;750712184;GEN;484;1484;1;IAO;54707;5785;2339;5306;;;35;;;;;;2606;;;;23;8395;10673;4274;7324;1;1
URGENCES2;2017;750100208;750712184;PED;2890;4032;1;MAO;78602;;;;;;;;;;;;;;;8575;12;4380;5341;3187;2170;;
URGENCES2;2017;750100232;750712184;GEN;752;1512;1;IAO;85124;9454;78;;5059;1;;;;;;;;76;6;;24;;13504;5205;10885;1;1
URGENCES2;2017;750100273;750712184;GEN;455;1204;1;IAO;45349;3882;964;11417;2286;103;1;0;0;0;0;0;519;52;15;;14;5110;9995;4635;5460;1;1
URGENCES2;2017;750150237;750006728;GEN;264;468;1;IAO;23867;1717;440;1981;1566;13;;;;;;;331;286;12;;2;730;927;221;753;1;1
URGENCES2;2017;750803447;750712184;GEN;592;1531;1;IAO;55878;6034;1450;11185;2793;127;;;;;;;;;;;15;5475;6907;944;6790;1;1
URGENCES2;2017;750803454;750712184;PED;1266;1428;1;IAO;91284;;;;;;;;;;;;;;;9073;15;5475;6562;3518;3181;;
URGENCES2;2017;760000018;760780023;GEN;541;647;1;IAO;38207;4703;9463;9601;2775;1486;741;44;32;;;;;;;;2;730;1453;96;1574;1;1
URGENCES2;2017;760000042;760780056;GEN;168;168;1;IAO;20668;1305;6647;474;;;0;;;0;;;1220;;;;2;730;309;107;214;0;0
URGENCES2;2017;760000141;760780239;GEN;192;488;1;IAO;23242;2527;4885;4411;1554;119;;;;;;;;;;;5;1825;4410;3171;1272;0;1
URGENCES2;2017;760000158;760780239;GEN;824;2315;1;MAO;82599;11689;2728;37141;8571;649;;;;;;;;;;;18;6570;37430;24722;13150;0;1
URGENCES2;2017;760000158;760780239;PED;307;771;1;IAO;39354;;;;;;;;;;;;;;;7676;4;1460;7729;6910;835;;
URGENCES2;2017;760000364;760780734;GEN;168;370;1;IAO;21546;3494;3977;;;;;;;;;;;;;;4;1460;1842;293;1862;1;
URGENCES2;2017;760000372;760780742;GEN;336;385;0;;22093;2126;5281;3185;1125;21;18;15;0;;;;1050;212;179;;4;1460;2490;816;1850;0;0
URGENCES2;2017;760000463;760024042;GEN;787;1064;1;IAO;59130;4750;21172;10485;2492;1751;97;;;;;;424;;;;12;4380;2617;402;2642;0;1
URGENCES2;2017;760021329;760000448;GEN;312;602;1;IAO;39798;2369;6969;3683;;;;;;;;;25;;;;6;2190;253;125;143;1;1
URGENCES2;2017;760780510;760000257;GEN;212;244;1;IAO;16870;876;3899;896;;;;;;;;;27;;;;4;;307;106;202;;
URGENCES2;2017;760780791;760000414;GEN;209;365;1;IAO;27646;1177;3965;1409;216;43;0;;;0;;;99;11;5;;4;1460;1337;960;383;1;0
URGENCES2;2017;760805770;760780726;GEN;622;1216;1;IAO;44380;6508;1446;11574;4137;144;;;;;;;199;26;6;;8;2920;5470;2277;3322;1;1
URGENCES2;2017;760805770;760780726;PED;284;577;1;IAO;36908;;;;;;;;;;;;;;;3987;2;730;1107;990;117;;
URGENCES2;2017;760921809;760000273;GEN;339;503;1;IAO;40026;1237;7534;2476;359;76;;;;;;;;;;;7;2555;748;187;591;1;1
URGENCES2;2017;770000131;770021145;GEN;218;420;1;IAO;34817;2796;11338;4636;1602;151;;;;;;;;;;;2;730;630;154;544;;
URGENCES2;2017;770000131;770021145;PED;168;168;;;7829;;;;;;;;;;;;;;;853;;;0;0;0;;
URGENCES2;2017;770000149;770021152;GEN;238;420;1;IAO;26580;3006;3534;3780;1323;83;59;;;1;;;518;219;28;;4;1460;1309;377;950;1;1
URGENCES2;2017;770000149;770021152;PED;50;420;1;IAO;15422;;;;;;;;;;;;;;;1547;2;730;276;241;35;;
URGENCES2;2017;770000156;770110054;GEN;498;840;1;IAO;40672;4618;5348;8889;2846;238;611;6;37;;;;;;;;12;4380;5544;1176;5118;1;1
URGENCES2;2017;770000156;770110054;PED;168;336;1;IAO;16344;;;;;;;;;;;;;;;2348;2;730;766;636;134;;
URGENCES2;2017;770000164;770021152;GEN;218;420;1;IAO;32982;2591;11430;3780;283;1198;59;;;1;;;518;35;276;;4;1460;1272;700;594;1;0
URGENCES2;2017;770000172;770110070;GEN;208;336;1;MAO;27058;2770;3818;6043;1781;129;81;4;4;;;;185;;;;5;;2589;1448;1172;;
URGENCES2;2017;770000172;770110070;PED;168;81;1;IAO;9767;;;;;;;;;;;;;;;1196;1;365;131;115;18;;
URGENCES2;2017;770000214;770021152;GEN;238;252;0;;17516;2134;2820;1625;803;38;500;37;13;;;;297;44;10;;3;1095;1159;256;1094;1;0
URGENCES2;2017;770000446;770021145;GEN;120;183;1;IAO;42506;4179;5688;6334;1939;102;;;;;;;;;;;13;4745;2099;187;2724;1;0
URGENCES2;2017;770000446;770021145;PED;164;188;;;18315;;;;;;;;;;;;;;;2624;2;730;528;338;193;;
URGENCES2;2017;770019032;770021145;GEN;784;1596;1;IAO;71179;4364;21283;10947;2425;1901;;;;;;;;;;;12;4380;3744;732;3256;;
URGENCES2;2017;770300010;770004299;GEN;336;840;1;IAO;28149;1407;6193;2426;1205;62;;;;;;;;;;;4;1460;372;320;52;0;1
URGENCES2;2017;770300135;770000289;GEN;238;299;1;IAO;29483;1318;8342;873;;;;;;;;;;;;;3;;20;20;0;1;1
URGENCES2;2017;770790707;770000719;GEN;228;420;1;IAO;17039;;;1064;;;;;;;;;;;;;5;1825;1787;1274;515;1;0
URGENCES2;2017;780000287;780110011;GEN;518;754;1;IAO;47644;3966;;7095;2172;;365;4;;0;;;67;;;;8;2920;2965;583;2815;1;0
URGENCES2;2017;780000287;780110011;PED;208;406;1;IAO;20057;;;;;;;;;;;;;;;3887;4;560;1772;904;920;;
URGENCES2;2017;780000295;780002697;GEN;42;38;1;IAO;29782;1673;;2161;;;244;;;0;;;824;;;;9;3285;1957;371;1833;;
URGENCES2;2017;780000311;780001236;GEN;802;980;1;IAO;62435;6444;5105;12847;4504;4026;9;4;0;0;0;0;397;46;10;;9;3285;4483;1409;3587;0;1
URGENCES2;2017;780000311;780001236;PED;506;504;1;IAO;23351;;;;;;;;;;;;;;;3389;6;2190;1648;656;1056;;
URGENCES2;2017;780000329;780110052;GEN;406;840;1;IAO;28201;2945;4851;2076;620;57;;;;;;;75;8;6;;11;4015;4119;1400;3217;1;1
URGENCES2;2017;780000329;780110052;PED;168;504;;IAO;10291;;;;;;;;;;;;;;;1053;;;0;0;0;;
URGENCES2;2017;780022737;780000675;GEN;168;245;1;IAO;13402;980;3298;528;346;0;0;0;0;0;0;0;5;;0;;2;730;129;67;66;1;0
URGENCES2;2017;780300323;780003679;GEN;168;504;1;IAO;25182;;;;;;;;;;;;;;;;4;1460;516;166;365;1;1
URGENCES2;2017;780300406;780018032;GEN;175;252;1;IAO;16701;2145;2842;962;;;;;;;;;;;;;4;1460;379;67;353;1;0
URGENCES2;2017;780300414;780000675;GEN;168;322;1;IAO;18876;2188;3665;2450;467;25;0;0;0;0;0;0;0;0;0;;4;1460;292;157;141;1;0
URGENCES2;2017;780300422;780002259;GEN;364;672;1;IAO;40376;;;;;;;;;;;;;;;;6;2190;1609;811;862;1;1
URGENCES2;2017;780300455;780000717;GEN;168;168;0;;18622;;;2675;;;;;;;;;;;;;6;2190;523;362;171;1;1
URGENCES2;2017;780800256;780110078;GEN;914;2236;1;IAO;87009;8553;29412;11345;2568;2011;1417;46;117;;;;4127;2147;347;;13;4745;12620;5842;7416;1;1
URGENCES2;2017;780800256;780110078;PED;204;546;;;20472;;;;;;;;;;;;;;;;4;1460;1525;468;1266;;
URGENCES2;2017;790000087;790000012;GEN;512;1328;1;IAO;50410;7722;4999;12481;3966;142;1008;48;1;0;0;0;654;290;2;;12;4380;6765;1622;6164;1;1
URGENCES2;2017;790000087;790000012;PED;70;112;0;;50410;;;;;;;;;;;;;;;2298;2;730;222;177;45;;
URGENCES2;2017;790000095;790006654;GEN;168;282;1;IAO;18016;2163;4737;3076;1233;149;70;3;3;0;0;0;365;70;106;;4;1460;1591;538;1271;1;1
URGENCES2;2017;790000103;790006654;GEN;168;168;1;IAO;12973;1886;3162;2298;1121;57;18;13;1;0;0;0;336;39;91;;4;1460;1418;440;1190;1;1
URGENCES2;2017;790003537;790006654;GEN;168;225;1;IAO;14789;2304;3065;3394;1312;104;230;10;6;0;0;0;96;15;24;;4;;1350;376;1174;1;1
URGENCES2;2017;790009948;790001242;GEN;168;302;1;MAO;17390;1797;3693;2499;918;88;;;;;;;;;;;4;1460;368;218;151;1;1
URGENCES2;2017;800000143;800000028;GEN;168;672;1;IAO;39784;5773;9946;7816;2280;1094;500;224;1;84;34;0;1028;441;29;;8;2920;3069;776;2440;1;1
URGENCES2;2017;800000226;800000069;GEN;132;218;0;;14824;1621;4094;2035;825;16;9;6;0;0;0;0;0;0;0;;4;1460;924;304;660;1;1
URGENCES2;2017;800000390;800000085;GEN;168;336;0;;15275;2078;3549;2854;1092;17;91;55;0;0;0;0;626;124;95;;3;1095;1628;627;1085;0;0
URGENCES2;2017;800000432;800000093;GEN;336;409;1;IAO;15581;2121;2918;2594;973;47;240;126;1;71;38;0;480;101;77;;2;730;1251;491;809;0;1
URGENCES2;2017;800006124;800000044;GEN;67;1532;1;IAO;72093;8413;2588;20835;5140;222;;;;;;;;;;;18;6570;8808;4126;4843;1;1
URGENCES2;2017;800006124;800000044;PED;132;728;1;IAO;26194;;;;;;;;;;;;;;;5248;8;2920;2200;690;1537;;
URGENCES2;2017;800015729;800015679;GEN;240;512;1;IAO;26311;3197;4073;1529;608;2;;;;;;;4002;1057;124;;6;2190;2007;1296;725;1;1
URGENCES2;2017;810000224;810000471;GEN;35;35;1;IAO;19397;2594;4610;3324;598;1294;;;;;;;;;;;5;1825;1202;844;367;1;1
URGENCES2;2017;810000505;810000331;GEN;481;854;1;IAO;32603;5086;9713;6234;2619;1100;0;0;0;0;0;0;505;116;54;;8;2920;6680;4980;1772;1;1
URGENCES2;2017;810000521;810000380;GEN;456;928;1;IAO;41572;5947;10485;11307;4018;1352;4;4;;;;;335;35;15;;6;2190;3236;1426;1876;1;1
URGENCES2;2017;810000562;810000455;GEN;168;168;1;IAO;21152;1941;6348;2034;857;74;117;31;0;0;0;0;608;120;115;;4;1460;1186;424;812;;
URGENCES2;2017;810101444;810000992;GEN;182;223;1;IAO;14679;2498;2029;;;;;;;;;;;;;;5;1825;1251;934;323;1;1
URGENCES2;2017;820000032;820000016;GEN;406;840;1;IAO;36595;4256;10087;8802;2486;1404;362;12;25;0;0;0;0;0;0;;9;3285;2959;801;2423;1;1
URGENCES2;2017;820000057;820000131;GEN;181;420;1;IAO;19434;2195;4104;4208;1076;108;;;;;;;181;156;20;;6;2190;1561;363;1420;1;1
URGENCES2;2017;820000883;820004950;GEN;168;403;1;IAO;16106;2105;4142;1497;826;35;3;3;;;;;628;123;60;;4;1460;1300;453;918;1;0
URGENCES2;2017;830000279;830100517;GEN;324;420;1;IAO;30960;3381;6750;2884;;;22;;;;;;1544;;;;10;3650;2739;1333;1425;1;1
URGENCES2;2017;830000287;830100525;GEN;376;700;1;IAO;40119;4361;9785;8493;2477;1164;460;6;0;0;;;717;183;62;;2;668;1291;783;573;1;1
URGENCES2;2017;830000295;830100533;GEN;523;504;1;IAO;39829;;;10578;;;;;;;;;238;;;;10;3650;4363;3165;1202;1;1
URGENCES2;2017;830000311;830100566;GEN;437;756;1;IAO;44913;5446;12261;10523;3181;1177;189;124;8;0;0;0;;;;;4;1460;1063;525;544;1;1
URGENCES2;2017;830000337;830100590;GEN;168;336;1;IAO;26214;2573;5369;2888;1027;34;0;0;0;0;0;0;967;126;154;;4;1460;1719;450;1296;1;1
URGENCES2;2017;830000345;830100616;GEN;575;1330;1;IAO;54234;8112;1839;11013;3896;550;448;18;50;;;;808;278;33;;11;4015;9016;4143;5161;1;1
URGENCES2;2017;830000345;830100616;PED;218;420;1;IAO;26362;;;;;;;;;;;;;;;4198;4;1460;1891;1061;843;;
URGENCES2;2017;830100574;750821092;GEN;480;756;1;IAO;30621;7268;1897;8656;3661;96;82;1;;;;;1257;678;39;;11;4015;5253;1844;3521;1;1
URGENCES2;2017;830100608;830100616;GEN;238;775;1;IAO;25626;4373;3441;3225;1785;59;103;5;3;;;;460;153;12;;3;1095;2507;1409;1121;1;1
URGENCES2;2017;830200523;830210084;GEN;168;224;0;;16846;1075;4260;992;214;30;;;;;;;216;35;33;;;;0;0;0;1;1
URGENCES2;2017;840000343;840000012;GEN;336;336;1;IAO;15231;1821;3691;2630;1138;44;;;;;;;;18;33;;3;1095;1672;1083;594;1;1
URGENCES2;2017;840000392;840000046;GEN;168;420;1;IAO;28124;3558;5358;3447;1484;40;;;;;;;606;;;;6;2190;2351;1056;1353;1;1
URGENCES2;2017;840000418;840004659;GEN;238;336;1;IAO;23275;2933;4681;5803;;;;;;;;;460;;;;5;1825;2472;1213;1315;1;0
URGENCES2;2017;840000483;840000087;GEN;336;412;1;IAO;31142;3839;6492;6314;1321;94;2;;;;;;782;158;116;;10;3650;2372;621;2054;1;1
URGENCES2;2017;840000491;130041916;GEN;336;245;;;16527;1977;3725;3215;1125;132;9;4;1;0;0;0;76;21;17;;4;1460;2829;1565;1389;;
URGENCES2;2017;840000525;840000111;GEN;168;336;0;;10182;1515;2388;1711;;;3;;;;;;440;;;;4;1460;977;309;819;1;0
URGENCES2;2017;840000533;840000129;GEN;168;168;;;9291;;;;;;;;;;;;;;;;6;;700;390;355;;
URGENCES2;2017;840001861;840006597;GEN;1007;1137;1;IAO;79879;7823;3417;17647;4366;285;1;1;0;;;;;;;;2;730;477;468;13;1;1
URGENCES2;2017;840001861;840006597;PED;310;588;1;IAO;37740;;;;;;;;;;;;;;;5720;4;1460;481;363;120;;
URGENCES2;2017;850000118;850013244;GEN;168;336;1;IAO;18706;806;4025;2041;440;86;;;;;;;;;;;6;2190;1022;179;966;1;0
URGENCES2;2017;850000142;850000019;GEN;411;1180;1;IAO;54770;5725;17887;16163;3688;3176;;;;;;;725;57;47;;13;4745;1948;1199;750;1;1
URGENCES2;2017;850000175;850009010;GEN;336;647;1;IAO;26680;4985;4328;6009;2706;147;392;27;3;;;;676;278;14;;3;1095;2002;398;1644;1;1
URGENCES2;2017;850000209;850000019;GEN;168;280;1;IAO;14335;2614;2563;3203;1412;15;15;13;;;;;171;14;11;;4;1460;1285;682;622;1;0
URGENCES2;2017;850000225;850000019;GEN;168;243;1;IAO;11740;1865;2533;1942;997;9;1;1;;;;;;;;;2;730;25;22;3;1;0
URGENCES2;2017;850000241;850000084;GEN;368;789;1;IAO;29093;4702;6733;7097;2626;586;;;;;;;1333;275;160;;10;3650;3971;735;3426;0;0
URGENCES2;2017;850009630;850000035;GEN;168;301;1;IAO;19743;2539;5161;4158;1258;986;2;2;0;0;0;0;;;;;4;1460;1284;592;742;1;0
URGENCES2;2017;860000025;860013382;GEN;336;615;1;IAO;23629;3656;4625;5027;1670;101;394;306;0;89;41;1;869;481;12;;6;2190;2705;556;2564;1;0
URGENCES2;2017;860000033;860013382;GEN;168;168;0;;5506;661;1504;665;266;10;108;86;0;7;4;0;118;41;2;;0;424;241;80;169;1;0
URGENCES2;2017;860000058;860014208;GEN;168;360;0;;9230;1860;1541;1636;908;17;3;3;;;;;361;73;30;;2;730;392;98;328;1;1
URGENCES2;2017;860000223;860014208;GEN;560;1230;1;IAO;55865;8306;2601;21658;5928;484;1;;;;;;;;;;2;730;643;308;335;1;1
URGENCES2;2017;860000223;860014208;PED;224;470;1;IAO;20177;;;;;;;;;;;;;;;4273;;;0;0;0;;
URGENCES2;2017;860010321;860010313;GEN;168;384;1;IAO;16112;1561;2910;2636;653;108;;;;;;;;;;;4;1460;655;192;507;0;1
URGENCES2;2017;870000064;870000015;GEN;506;1109;1;IAO;46158;7400;1103;17445;3703;108;396;153;0;0;0;0;1983;494;0;;11;4015;5901;1399;5612;1;1
URGENCES2;2017;870000098;870000023;GEN;95;227;1;IAO;13879;2169;2664;3333;1209;52;28;33;;;;;;;;;3;1095;1055;276;818;1;0
URGENCES2;2017;870000270;870000031;GEN;168;168;0;;9971;2569;1827;2284;;;;;;;;;419;;;;2;730;610;84;576;1;1
URGENCES2;2017;870000288;870017415;GEN;240;789;1;IAO;29275;3140;1701;5601;1687;76;;;;;;;;;;;6;2190;990;377;701;1;1
URGENCES2;2017;870014859;870000015;PED;245;490;1;IAO;29470;;;;;;;;;;;;;;;2451;6;2190;1668;557;1140;;
URGENCES2;2017;880000021;880007059;GEN;458;840;1;IAO;34062;4028;10960;6088;2208;931;26;14;0;0;0;0;1050;176;102;;6;2190;3529;498;3478;1;0
URGENCES2;2017;880000047;880780077;GEN;336;588;1;IAO;28018;4254;5775;7048;2378;565;7;;;;;;627;;53;;6;2190;2085;809;1342;1;0
URGENCES2;2017;880000054;880007299;GEN;336;416;0;;18291;2738;3760;5982;1991;613;14;1;1;;;;110;14;22;;4;1460;1636;781;919;1;1
URGENCES2;2017;880000062;880780093;GEN;406;574;1;IAO;23922;2933;6458;5171;1597;1159;;;;;;;;;;;4;1460;1807;440;1661;1;1
URGENCES2;2017;880000070;880007299;GEN;168;266;0;;9119;1145;821;1775;669;60;13;2;1;;;;87;5;17;;2;730;674;371;319;1;0
URGENCES2;2017;890002389;890000730;GEN;168;203;0;;14198;;;649;;;;;;;;;;;;;0;0;0;0;0;0;0
URGENCES2;2017;890975527;890000037;GEN;850;812;1;IAO;41285;;;9142;;;2;;;;;;717;;;;11;4015;2737;1139;2404;;
URGENCES2;2017;890975527;890000037;PED;168;373;1;IAO;14455;;;;;;;;;;;;;;;1489;3;1095;711;593;128;;
URGENCES2;2017;890975535;890000409;GEN;168;221;0;;12563;453;2733;1416;315;9;14;11;;;;;;;;;2;730;588;382;234;1;
URGENCES2;2017;890975543;890000417;GEN;168;346;1;IAO;19263;2531;4729;2613;1206;16;;;;;;;;;;;3;1095;1184;508;715;1;1
URGENCES2;2017;890975550;890970569;GEN;470;588;1;IAO;36159;4253;5124;5878;2125;139;9;6;;;;;276;24;2;;6;2190;2114;648;1559;1;1
URGENCES2;2017;890975550;890970569;PED;215;168;0;;10560;;;;;;;;;;;;;;;697;0;0;0;0;0;;
URGENCES2;2017;890975568;890000433;GEN;168;252;1;IAO;10432;1410;2026;1256;741;2;0;;;0;;;375;;;;2;730;290;100;235;1;1
URGENCES2;2017;900003039;900000365;GEN;;;1;MAO;95271;10939;21211;21176;6029;2412;;;;;;;;;;;14;5110;3656;634;3357;;
URGENCES2;2017;910000272;910110014;GEN;385;504;1;IAO;32498;2452;4188;3679;1279;119;1;0;0;;;;220;40;11;;4;1460;2929;2214;725;0;1
URGENCES2;2017;910000272;910110014;PED;168;168;1;IAO;7148;;;;;;;;;;;;;;;1023;0;0;0;0;0;;
URGENCES2;2017;910000280;910019447;GEN;275;424;0;;23263;;;3403;;;;;;;;;;;;;4;1460;1202;248;1029;1;1
URGENCES2;2017;910000298;910110055;GEN;378;924;1;IAO;35061;4151;692;7911;2406;91;;;;;;;;;;;10;3650;4061;810;3788;1;1
URGENCES2;2017;910000298;910110055;PED;220;406;1;IAO;27782;;;;;;;;;;;;;;;2199;4;1460;1162;364;862;;
URGENCES2;2017;910000306;910110063;GEN;340;756;1;IAO;28313;2874;1463;4897;;;513;;;;;;521;;;;8;2920;1922;514;1566;0;1
URGENCES2;2017;910000306;910110063;PED;216;280;1;IAO;17620;;;;;;;;;;;;;;;1318;2;730;195;141;54;;
URGENCES2;2017;910001973;910019447;GEN;231;420;0;;26969;;;3673;;;;;;;;;;;;;5;1825;1454;344;1214;1;1
URGENCES2;2017;910018423;910110055;GEN;218;924;1;IAO;27525;2050;6117;2271;1012;39;;;;;;;;;;;2;730;788;396;405;1;1
URGENCES2;2017;910020254;910002773;GEN;1134;2394;1;IAO;72775;5257;9186;18720;3196;290;684;4;22;;;;;;;;24;8760;8013;853;9953;0;1
URGENCES2;2017;910020254;910002773;PED;297;525;1;IAO;27602;;;;;;;;;;;;;;;2966;4;1460;1248;369;1045;;
URGENCES2;2017;910300144;910000447;GEN;168;282;1;IAO;19521;;;977;;;;;;;;;;;;;5;1825;310;141;170;0;1
URGENCES2;2017;910300219;910003888;GEN;326;504;1;IAO;27497;2799;3378;3047;1136;74;;;;;;;;;;;6;2190;1415;301;1300;1;0
URGENCES2;2017;910300300;910000538;GEN;168;252;1;IAO;13943;1779;2231;;;;;;;;;;;;;;3;1095;658;319;359;1;0
URGENCES2;2017;910803543;910017615;GEN;228;448;1;IAO;33427;;;3172;;;;;;;;;;;;;5;1825;785;287;534;1;1
URGENCES2;2017;920000577;920110020;GEN;330;609;1;IAO;31790;1057;1882;3537;604;25;293;3;0;0;;;0;;;;4;1460;1040;216;924;1;1
URGENCES2;2017;920000585;920026374;GEN;420;420;1;IAO;30241;1128;4420;4585;171;670;;;;;;;722;;;;5;1825;2590;492;2336;1;1
URGENCES2;2017;920000585;920026374;PED;168;204;;;13499;;;;;;;;;;;;;;;1474;1;365;249;220;29;;
URGENCES2;2017;920000619;920009909;GEN;238;344;1;IAO;21755;1238;2031;2417;761;38;;;;;;;280;49;20;;4;1460;878;175;753;1;0
URGENCES2;2017;920000643;920150034;GEN;;;1;IAO;41384;3156;6203;6029;1776;43;;;;;;;381;44;;;7;2555;3795;1301;2981;;
URGENCES2;2017;920000643;920150034;PED;;;1;IAO;14423;;;;;;;;;;;;;;;1220;;;0;0;0;;
URGENCES2;2017;920000650;920150059;GEN;510;1209;1;IAO;53877;5790;3146;;;;;;;;;;;;;;5;1825;4531;935;3997;1;1
URGENCES2;2017;920100013;750712184;GEN;438;1386;1;IAO;38384;5725;1473;9013;3687;149;0;0;0;0;0;0;29347;2029;26;;18;6570;6216;2042;4285;1;1
URGENCES2;2017;920100013;750712184;PED;264;1200;1;IAO;21472;;;;;;;;;;;;;;;2096;4;1460;2065;1464;640;;
URGENCES2;2017;920100021;750712184;GEN;586;840;;IAO;35013;5675;1466;4595;2489;57;;;;;;;;;;;15;5475;5541;1853;3956;1;1
URGENCES2;2017;920100021;750712184;PED;382;690;1;IAO;29219;;;;;;;;;;;;;;;3491;6;1960;2164;1376;791;;
URGENCES2;2017;920100039;750712184;GEN;431;840;1;IAO;31862;4104;463;;1752;6;;;;;;;;148;36;;10;;4341;717;4865;;
URGENCES2;2017;920100047;750712184;GEN;737;1965;1;IAO;34217;6454;1329;4356;1451;39;;;;;;;;;;;10;3650;2858;261;2986;1;1
URGENCES2;2017;920100047;750712184;PED;423;490;0;;37418;;;;;;;;;;;;;;;3059;9;3285;2838;1060;1805;;
URGENCES2;2017;920120011;750821092;GEN;343;435;1;IAO;23294;3658;596;3679;1093;33;67;0;0;;;;956;393;0;;5;1825;1800;413;1425;1;1
URGENCES2;2017;920300043;920001526;GEN;444;756;1;IAO;70821;6820;16493;;;;;;;;;;;;;;11;4015;2763;399;2803;1;0
URGENCES2;2017;920300597;920000940;GEN;168;175;1;IAO;13952;1262;2703;974;304;40;1;1;;;;;65;24;7;;3;1095;231;221;18;1;1
URGENCES2;2017;930000286;930021480;GEN;39;1652;1;IAO;40127;4451;5103;8080;2546;123;1;3;0;1;0;0;533;50;26;;5;2275;999;320;835;1;1
URGENCES2;2017;930000286;930021480;PED;39;163;1;IAO;12575;;;;;;;;;;;;;;;1305;;;0;0;0;;
URGENCES2;2017;930000302;930110036;GEN;450;840;1;IAO;44724;2967;5036;;;;;;;;;;;;;;7;2555;2327;145;3018;0;1
URGENCES2;2017;930000302;930110036;PED;164;168;1;IAO;19259;;;;;;;;;;;;;;;1521;3;567;110;21;110;;
URGENCES2;2017;930000328;930110051;GEN;50;2185;1;IAO;54179;2907;2102;6288;1278;145;25;13;0;0;0;;0;0;;;8;2920;2955;1153;1879;1;1
URGENCES2;2017;930000328;930110051;PED;;;1;IAO;33913;;;;;;;;;;;;;;;3661;7;2555;0;0;0;;
URGENCES2;2017;930000336;930110069;GEN;1446;2016;1;IAO;71542;3636;28668;9902;2015;2556;534;2;2;;;;1150;297;50;;11;4015;3053;461;3666;1;1
URGENCES2;2017;930000336;930110069;PED;336;202;1;IAO;26519;;;;;;;;;;;;;;;2341;;;0;0;0;;
URGENCES2;2017;930100037;750712184;GEN;511;1008;1;IAO;39937;3836;1335;5452;1326;72;;;;;;;1989;443;35;;12;4380;5977;1127;5939;0;1
URGENCES2;2017;930100045;750712184;GEN;356;756;1;IAO;30147;;;3233;;;;;;;;;1389;;;;10;3650;2753;563;2886;0;1
URGENCES2;2017;930100045;750712184;PED;342;756;1;IAO;34208;;;;;;;;;;;;;;;2515;6;2190;1387;325;1190;;
URGENCES2;2017;930300025;930000393;GEN;252;484;1;IAO;37123;1683;4294;1111;220;8;;;;;;;;;;;6;2190;1003;589;432;1;1
URGENCES2;2017;930300066;930000401;GEN;266;336;1;IAO;25371;1700;2085;2024;;;;;;;;;;;;;4;1460;9;3;6;1;1
URGENCES2;2017;930300082;930000419;GEN;275;280;1;IAO;25153;1691;5664;3756;593;105;;;;;;;;;;;2;;1;0;4;;
URGENCES2;2017;930300116;930000427;GEN;322;287;1;IAO;28754;1710;3718;1730;;;;;;;;;;;;;3;1095;2;0;4;1;1
URGENCES2;2017;930300553;930000633;GEN;252;539;1;IAO;39312;1274;11288;2481;476;173;0;;;;;;;;;;7;2555;302;122;188;1;1
URGENCES2;2017;930300595;930000658;GEN;252;310;1;IAO;34646;2104;6849;2028;;;;;;;;;327;;;;4;1460;101;20;86;1;0
URGENCES2;2017;940000573;940110018;GEN;534;1512;1;IAO;65116;4844;;11628;1425;;0;;;;;;;;;;12;4380;4186;448;4877;;
URGENCES2;2017;940000573;940110018;PED;489;1512;1;IAO;45038;;;;;;;;;;;;;;;5311;4;1460;749;169;768;;
URGENCES2;2017;940000599;940110042;GEN;820;1092;1;MAO;53561;5840;1231;8967;3188;3;93;;;;;;556;;;;12;4380;3711;525;4078;1;1
URGENCES2;2017;940000599;940110042;PED;168;346;1;IAO;30436;;;;;;;;;;;;;;;4174;7;2555;1150;380;835;;
URGENCES2;2017;940000649;940150014;GEN;575;924;1;IAO;43379;4892;2387;4715;1325;;;;;;;;617;109;;;12;4380;6825;1352;5909;0;1
URGENCES2;2017;940000649;940150014;PED;300;504;1;IAO;34070;;;;;;;;;;;;;;;2120;6;2190;1367;700;679;;
URGENCES2;2017;940100027;750712184;GEN;672;1344;1;IAO;53031;6445;894;11723;3404;76;39;1;0;;;;1592;277;24;;16;5840;7171;1092;6586;1;1
URGENCES2;2017;940100043;750712184;GEN;1056;1344;1;IAO;58306;6119;1711;3547;768;61;19;1;0;;;;1246;75;26;;21;7300;7819;651;11067;1;1
URGENCES2;2017;940100043;750712184;PED;530;690;1;IAO;36342;;;;;;;;;;;;;;;3567;10;3380;2938;895;2222;;
URGENCES2;2017;940120017;750821092;GEN;350;880;1;IAO;25647;3095;485;5416;1650;57;;;;;;;175;18;5;;6;2190;2956;948;2222;1;1
URGENCES2;2017;940300031;940000706;GEN;168;169;1;IAO;24762;;;;;;;;;;;;;;;;4;1460;628;330;320;0;1
URGENCES2;2017;940300270;940000771;GEN;264;386;1;IAO;21634;2010;3935;2160;775;41;0;;;0;;;381;36;152;;4;1460;545;159;415;1;1
URGENCES2;2017;940300445;940000854;GEN;168;252;1;IAO;13290;2526;578;158;24;4;;;;;;;;;;;3;1095;155;60;97;1;1
URGENCES2;2017;940300569;940000912;GEN;231;588;0;;30456;;;774;;;;;;;;;;;;;4;1460;467;292;196;1;1
URGENCES2;2017;950000307;950110015;GEN;601;1715;1;IAO;76901;;;15129;;;29;;;;;;;;;;16;5840;7541;2890;5997;1;1
URGENCES2;2017;950000307;950110015;PED;230;138;1;IAO;21613;;;;;;;;;;;;;;;1630;2;730;407;278;129;;
URGENCES2;2017;950000315;950001370;GEN;391;706;1;IAO;41225;;;7797;;;271;;;;;;382;;;;6;2190;1989;534;1519;1;
URGENCES2;2017;950000323;950013870;GEN;896;1428;1;IAO;54815;7502;7078;8723;3233;126;266;31;10;5;3;0;1097;172;53;;17;6205;3532;265;5847;1;1
URGENCES2;2017;950000323;950013870;PED;168;504;1;IAO;22689;;;;;;;;;;;;;;;2124;;;0;0;0;;
URGENCES2;2017;950000331;950110049;GEN;48;930;1;IAO;54950;3839;8014;7683;2142;96;67;5;1;;;;277;28;37;;10;3650;2098;257;1900;1;1
URGENCES2;2017;950000331;950110049;PED;48;394;1;IAO;30494;;;;;;;;;;;;;;;4167;6;2190;1697;907;797;;
URGENCES2;2017;950000349;950015289;GEN;208;168;0;;13825;568;5071;844;;;2;;;;;;170;;;;2;730;553;428;129;1;1
URGENCES2;2017;950000364;950110080;GEN;783;1176;;;61487;5200;9197;11651;2865;353;87;16;1;;;;8;0;0;;18;6570;4610;1509;4203;;
URGENCES2;2017;950000364;950110080;PED;164;686;1;IAO;24198;;;;;;;;;;;;;;;3162;5;1825;343;40;404;;
URGENCES2;2017;950300244;950000539;GEN;218;472;1;IAO;36425;1939;10133;2433;;;2;;;0;;;37;;;;4;1460;888;536;353;1;1
URGENCES2;2017;950300277;950000547;GEN;222;338;1;IAO;29932;;;1345;;;;;;;;;148;;;;8;2920;796;554;292;1;0
URGENCES2;2017;950807982;950001636;GEN;504;252;1;IAO;24425;1250;5784;1095;196;57;;;;;;;;25;2;;4;1460;171;117;56;1;1
URGENCES2;2017;970100392;970100178;GEN;420;616;1;IAO;26102;1945;6775;3010;;;;;;;;;;;;;8;2920;1818;70;2267;1;0
URGENCES2;2017;970100400;970100186;GEN;48;39;1;IAO;20713;216;3207;2828;118;332;123;1;8;0;0;0;0;0;0;;2;500;614;133;819;1;0
URGENCES2;2017;970100426;970100202;GEN;336;504;1;IAO;5847;1003;1266;982;;;;;;;;;321;;;;4;1460;783;516;288;1;0
URGENCES2;2017;970100442;970100228;GEN;574;1176;1;IAO;45307;4543;24788;12174;;;;;;;;;;;;;8;2920;1927;185;3036;1;1
URGENCES2;2017;970100442;970100228;PED;168;504;1;IAO;20230;;;;;;;;;;;;;;;2996;2;730;1282;538;790;;
URGENCES2;2017;970107249;970100731;GEN;182;168;1;IAO;29796;2367;3003;1372;;;;;;;;;;;;;7;2555;2905;2190;753;1;1
URGENCES2;2017;970211215;970211207;GEN;924;1502;1;IAO;52539;;;11067;;;;;;;;;;;;;19;6935;3726;173;6211;0;1
URGENCES2;2017;970211223;970211207;GEN;480;658;1;IAO;16715;;2424;4370;;451;;;;;;;;;;;5;1825;2373;165;2833;0;1
URGENCES2;2017;970211256;970211207;PED;308;1344;1;IAO;26315;;;;;;;;;;;;;;;3634;3;2190;1614;1153;490;;
URGENCES2;2017;970300026;970302022;GEN;786;1328;;;49872;1050;14877;7054;409;1905;424;;;;;;;;;;12;4380;1541;37;2668;1;1
URGENCES2;2017;970300083;970302121;GEN;420;1176;1;IAO;22579;319;9058;;;;;;;;;;;;;;6;2190;1146;379;1269;0;0
URGENCES2;2017;970300265;750721334;GEN;350;470;1;IAO;18538;207;6613;2517;102;736;;;;;;;;;;;5;1825;1111;228;1155;1;1
URGENCES2;2017;970400024;970408589;GEN;446;714;1;IAO;35184;2995;2853;6691;1507;140;76;4;;;;;511;26;23;;13;4628;5028;1273;3878;1;1
URGENCES2;2017;970400024;970408589;PED;189;336;1;IAO;11015;;;;;;;;;;;;;;;1592;6;2190;1722;489;1337;;
URGENCES2;2017;970400057;970408589;GEN;485;1092;1;IAO;48711;7374;4376;26175;3828;421;950;5;14;;;;;;;;19;6934;6613;1853;5391;1;1
URGENCES2;2017;970400057;970408589;PED;216;350;1;IAO;15828;;;;;;;;;;;;;;;3665;4;1460;1225;442;817;;
URGENCES2;2017;970400065;970421038;GEN;450;788;1;IAO;30369;2381;9;8478;990;7;;;;;;;1337;57;0;;6;2190;3192;678;2586;1;1
URGENCES2;2017;970400065;970421038;PED;54;256;1;IAO;13424;;;;;;;;;;;;;;;2648;2;730;1084;807;280;;
URGENCES2;2017;970400073;970403606;GEN;504;420;1;IAO;28562;1845;6638;5413;1036;826;1;;;0;;;981;58;125;;8;2920;3263;727;2605;1;1
URGENCES2;2017;980500011;980500003;GEN;777;1344;1;IAO;53719;351;23790;5283;110;2128;0;0;0;0;0;0;52;0;9;;16;5840;3089;190;5503;0;1
